********************************************************************************
type=BS t=9.03303568e-06
params: b=12.5439 v=0.0233153
input: type=single m=1.40004 R=1.09797 Eint=0 id=31700 ktype=1
input: type=binary m0=89.5502 m1=55.0771 R0=10.8526 R1=8.41487 Eint1=0 Eint2=0 id0=31699 id1=100043 a=497.48 e=0.0765938 ktype1=1 ktype2=1
status: DE/E=8.87968e-08 DE=-1.72984e-11 DL/L=2.13879e-08 DL=4.29364e-11 DE_GW/E=0 DE_GW=0 v_esc_cluster[km/s]=9.06956 tcpu=0.01
outcome: nstar=3 nobj=2:  0 [1 2] (single-binary)
output: type=single m=1.40004 R=1.09797 Eint=0 id=31700 ktype=1
output: type=binary m0=89.5502 m1=55.0771 R0=10.8526 R1=8.41487 Eint1=0 Eint2=0 id0=31699 id1=100043 a=490.058 e=0.0691955 ktype1=1 ktype2=1
********************************************************************************
type=BS t=9.03303568e-06
params: b=3.89762 v=0.05036
input: type=single m=0.34515 R=0.326254 Eint=0 id=34275 ktype=0
input: type=binary m0=104.516 m1=88.6014 R0=11.6902 R1=10.7958 Eint1=0 Eint2=0 id0=34276 id1=100050 a=1694.16 e=0.138815 ktype1=1 ktype2=1
status: DE/E=3.00889e-08 DE=-1.9236e-13 DL/L=1.30333e-08 DL=1.93441e-12 DE_GW/E=0 DE_GW=0 v_esc_cluster[km/s]=8.95958 tcpu=0.01
outcome: nstar=3 nobj=2:  0 [1 2] (single-binary)
output: type=single m=0.34515 R=0.326254 Eint=0 id=34275 ktype=0
output: type=binary m0=104.516 m1=88.6014 R0=11.6902 R1=10.7958 Eint1=0 Eint2=0 id0=34276 id1=100050 a=1694.22 e=0.138749 ktype1=1 ktype2=1
********************************************************************************
type=BS t=2.86661661e-05
params: b=6.40076 v=0.039516
input: type=single m=0.160956 R=0.183783 Eint=0 id=10710 ktype=0
input: type=binary m0=21.2438 m1=13.4777 R0=4.91015 R1=3.70061 Eint1=0 Eint2=0 id0=9447 id1=100009 a=400.72 e=0.0235982 ktype1=1 ktype2=1
status: DE/E=5.64866e-08 DE=-2.52806e-12 DL/L=2.6058e-08 DL=1.70544e-11 DE_GW/E=0 DE_GW=0 v_esc_cluster[km/s]=9.86472 tcpu=0
outcome: nstar=3 nobj=2:  0 [1 2] (single-binary)
output: type=single m=0.160956 R=0.183783 Eint=0 id=10710 ktype=0
output: type=binary m0=21.2438 m1=13.4777 R0=4.91015 R1=3.70061 Eint1=0 Eint2=0 id0=9447 id1=100009 a=400.472 e=0.0214398 ktype1=1 ktype2=1
********************************************************************************
type=BS t=4.49352756e-05
params: b=2.89491 v=0.0300814
input: type=single m=0.110812 R=0.137262 Eint=0 id=49845 ktype=0
input: type=binary m0=100.778 m1=65.5247 R0=12.0516 R1=9.70655 Eint1=0 Eint2=0 id0=21849 id1=100031 a=1668.02 e=0.344869 ktype1=1 ktype2=1
status: DE/E=2.05116e-08 DE=-1.90283e-14 DL/L=4.07453e-10 DL=1.35115e-14 DE_GW/E=0 DE_GW=0 v_esc_cluster[km/s]=9.62212 tcpu=0.01
outcome: nstar=3 nobj=2:  0 [1 2] (single-binary)
output: type=single m=0.110812 R=0.137262 Eint=0 id=49845 ktype=0
output: type=binary m0=100.778 m1=65.5247 R0=12.0516 R1=9.70655 Eint1=0 Eint2=0 id0=21849 id1=100031 a=1664.85 e=0.34669 ktype1=1 ktype2=1
********************************************************************************
type=BS t=4.49352756e-05
params: b=2.54504 v=0.04535
input: type=single m=0.253594 R=0.261826 Eint=0 id=20244 ktype=0
input: type=binary m0=103.344 m1=87.7643 R0=12.1918 R1=11.2837 Eint1=0 Eint2=0 id0=34276 id1=100050 a=1712.03 e=0.138749 ktype1=1 ktype2=1
status: DE/E=8.84932e-08 DE=-3.12254e-13 DL/L=3.39345e-08 DL=3.27327e-12 DE_GW/E=0 DE_GW=0 v_esc_cluster[km/s]=9.48536 tcpu=0.01
outcome: nstar=3 nobj=2:  0 [1 2] (single-binary)
output: type=single m=0.253594 R=0.261826 Eint=0 id=20244 ktype=0
output: type=binary m0=103.344 m1=87.7643 R0=12.1918 R1=11.2837 Eint1=0 Eint2=0 id0=34276 id1=100050 a=1715.35 e=0.130034 ktype1=1 ktype2=1
********************************************************************************
type=BS t=5.02086103e-05
params: b=2.21256 v=0.152064
input: type=single m=0.0961377 R=0.143917 Eint=0 id=7654 ktype=0
input: type=binary m0=15.7494 m1=14.4754 R0=4.14271 R1=3.92455 Eint1=0 Eint2=0 id0=14532 id1=100022 a=1687.76 e=0.733303 ktype1=1 ktype2=1
status: DE/E=5.29112e-08 DE=-1.0411e-12 DL/L=5.24251e-10 DL=1.30189e-13 DE_GW/E=0 DE_GW=0 v_esc_cluster[km/s]=10.0702 tcpu=0.01
outcome: nstar=3 nobj=2:  0 [1 2] (single-binary)
output: type=single m=0.0961377 R=0.143917 Eint=0 id=7654 ktype=0
output: type=binary m0=15.7494 m1=14.4754 R0=4.14271 R1=3.92455 Eint1=0 Eint2=0 id0=14532 id1=100022 a=1687.05 e=0.732875 ktype1=1 ktype2=1
********************************************************************************
type=BS t=5.76639843e-05
params: b=3.09589 v=0.0395005
input: type=single m=0.27697 R=0.278719 Eint=0 id=72461 ktype=0
input: type=binary m0=127.137 m1=78.7421 R0=14.0736 R1=11.2049 Eint1=0 Eint2=0 id0=44533 id1=100062 a=2278.62 e=0.458915 ktype1=1 ktype2=1
status: DE/E=4.46851e-08 DE=-1.7048e-13 DL/L=1.4093e-09 DL=1.27328e-13 DE_GW/E=0 DE_GW=0 v_esc_cluster[km/s]=7.92834 tcpu=0.01
outcome: nstar=3 nobj=2:  0 [1 2] (single-binary)
output: type=single m=0.27697 R=0.278719 Eint=0 id=72461 ktype=0
output: type=binary m0=127.137 m1=78.7421 R0=14.0736 R1=11.2049 Eint1=0 Eint2=0 id0=44533 id1=100062 a=2279.48 e=0.459609 ktype1=1 ktype2=1
********************************************************************************
type=BS t=6.88484912e-05
params: b=1.53243 v=0.313719
input: type=single m=0.192853 R=0.213541 Eint=0 id=26153 ktype=0
input: type=binary m0=15.7482 m1=14.4747 R0=4.19178 R1=3.96614 Eint1=0 Eint2=0 id0=14532 id1=100022 a=1687.16 e=0.732875 ktype1=1 ktype2=1
status: DE/E=5.61624e-08 DE=-4.07856e-12 DL/L=1.1011e-09 DL=7.52969e-13 DE_GW/E=0 DE_GW=0 v_esc_cluster[km/s]=10.1426 tcpu=0
outcome: nstar=3 nobj=2:  0 [1 2] (single-binary)
output: type=single m=0.192853 R=0.213541 Eint=0 id=26153 ktype=0
output: type=binary m0=15.7482 m1=14.4747 R0=4.19178 R1=3.96614 Eint1=0 Eint2=0 id0=14532 id1=100022 a=1692.46 e=0.734292 ktype1=1 ktype2=1
********************************************************************************
type=BS t=8.07344367e-05
params: b=2.39626 v=0.0803356
input: type=single m=0.277325 R=0.278971 Eint=0 id=34907 ktype=0
input: type=binary m0=101.274 m1=86.3028 R0=13.5489 R1=12.4454 Eint1=0 Eint2=0 id0=34276 id1=100050 a=1747.65 e=0.130034 ktype1=1 ktype2=1
status: DE/E=2.4205e-08 DE=-1.05495e-13 DL/L=8.41821e-09 DL=9.44841e-13 DE_GW/E=0 DE_GW=0 v_esc_cluster[km/s]=10.0953 tcpu=0
outcome: nstar=3 nobj=2:  0 [1 2] (single-binary)
output: type=single m=0.277325 R=0.278971 Eint=0 id=34907 ktype=0
output: type=binary m0=101.274 m1=86.3028 R0=13.5489 R1=12.4454 Eint1=0 Eint2=0 id0=34276 id1=100050 a=1747.39 e=0.129716 ktype1=1 ktype2=1
********************************************************************************
type=BS t=8.07344367e-05
params: b=7.5707 v=0.0810313
input: type=single m=1.12223 R=1.02488 Eint=0 id=11019 ktype=1
input: type=binary m0=21.693 m1=19.8041 R0=5.20586 R1=4.89816 Eint1=0 Eint2=0 id0=20796 id1=100030 a=1010.9 e=0.805881 ktype1=1 ktype2=1
status: DE/E=1.62522e-07 DE=-2.24353e-10 DL/L=3.50066e-09 DL=1.82537e-11 DE_GW/E=0 DE_GW=0 v_esc_cluster[km/s]=10.0804 tcpu=0.03
outcome: nstar=3 nobj=2:  0 [1 2] (single-binary)
output: type=single m=1.12223 R=1.02488 Eint=0 id=11019 ktype=1
output: type=binary m0=21.693 m1=19.8041 R0=5.20586 R1=4.89816 Eint1=0 Eint2=0 id0=20796 id1=100030 a=1006.72 e=0.801602 ktype1=1 ktype2=1
********************************************************************************
type=BS t=8.07344367e-05
params: b=2.8579 v=0.0896686
input: type=single m=0.463098 R=0.414381 Eint=0 id=27447 ktype=0
input: type=binary m0=30.4776 m1=23.1938 R0=6.53386 R1=5.4443 Eint1=0 Eint2=0 id0=14462 id1=100021 a=289.856 e=0.257143 ktype1=1 ktype2=1
status: DE/E=6.49841e-08 DE=-9.61171e-12 DL/L=1.82473e-09 DL=2.9317e-12 DE_GW/E=0 DE_GW=0 v_esc_cluster[km/s]=9.65228 tcpu=0.02
outcome: nstar=3 nobj=2:  0 [1 2] (single-binary)
output: type=single m=0.463098 R=0.414381 Eint=0 id=27447 ktype=0
output: type=binary m0=30.4776 m1=23.1938 R0=6.53386 R1=5.4443 Eint1=0 Eint2=0 id0=14462 id1=100021 a=285.184 e=0.26461 ktype1=1 ktype2=1
********************************************************************************
type=BS t=8.07344367e-05
params: b=0.584182 v=0.0317631
input: type=single m=0.10039 R=0.141856 Eint=0 id=51075 ktype=0
input: type=binary m0=98.8124 m1=64.8014 R0=13.3775 R1=10.5646 Eint1=0 Eint2=0 id0=21849 id1=100031 a=1692.21 e=0.34669 ktype1=1 ktype2=1
status: DE/E=2.23141e-08 DE=-1.75211e-14 DL/L=9.36726e-10 DL=2.72788e-14 DE_GW/E=0 DE_GW=0 v_esc_cluster[km/s]=9.56846 tcpu=0.01
outcome: nstar=3 nobj=2:  0 [1 2] (single-binary)
output: type=single m=0.10039 R=0.141856 Eint=0 id=51075 ktype=0
output: type=binary m0=98.8124 m1=64.8014 R0=13.3775 R1=10.5646 Eint1=0 Eint2=0 id0=21849 id1=100031 a=1690.62 e=0.346498 ktype1=1 ktype2=1
********************************************************************************
type=BS t=8.85989654e-05
params: b=11.2878 v=0.00921922
input: type=single m=0.140295 R=0.161991 Eint=0 id=20369 ktype=0
input: type=binary m0=19.6389 m1=15.434 R0=4.92016 R1=4.18054 Eint1=0 Eint2=0 id0=9389 id1=100008 a=176.315 e=0.00601427 ktype1=1 ktype2=1
status: DE/E=3.82813e-08 DE=-1.23293e-12 DL/L=1.88124e-08 DL=9.64684e-12 DE_GW/E=0 DE_GW=0 v_esc_cluster[km/s]=10.1199 tcpu=0.01
outcome: nstar=3 nobj=2:  0 [1 2] (single-binary)
output: type=single m=0.140295 R=0.161991 Eint=0 id=20369 ktype=0
output: type=binary m0=19.6389 m1=15.434 R0=4.92016 R1=4.18054 Eint1=0 Eint2=0 id0=9389 id1=100008 a=174.729 e=0.0073849 ktype1=1 ktype2=1
********************************************************************************
type=BS t=8.85989654e-05
params: b=2.2884 v=0.102821
input: type=single m=0.342741 R=0.324576 Eint=0 id=34912 ktype=0
input: type=binary m0=21.6888 m1=19.8014 R0=5.26468 R1=4.94782 Eint1=0 Eint2=0 id0=20796 id1=100030 a=1006.89 e=0.801602 ktype1=1 ktype2=1
status: DE/E=8.71439e-08 DE=-1.15997e-11 DL/L=6.48646e-10 DL=6.07964e-13 DE_GW/E=0 DE_GW=0 v_esc_cluster[km/s]=9.46891 tcpu=0.01
outcome: nstar=3 nobj=2:  0 [1 2] (single-binary)
output: type=single m=0.342741 R=0.324576 Eint=0 id=34912 ktype=0
output: type=binary m0=21.6888 m1=19.8014 R0=5.26468 R1=4.94782 Eint1=0 Eint2=0 id0=20796 id1=100030 a=997.887 e=0.805856 ktype1=1 ktype2=1
********************************************************************************
type=BS t=8.85989654e-05
params: b=16.6402 v=0.00565411
input: type=single m=0.087211 R=0.148669 Eint=0 id=18388 ktype=0
input: type=binary m0=86.6518 m1=54.215 R0=13.0759 R1=9.77261 Eint1=0 Eint2=0 id0=31699 id1=100043 a=503.141 e=0.0691955 ktype1=1 ktype2=1
status: DE/E=6.87697e-08 DE=-5.55983e-14 DL/L=3.3491e-08 DL=1.05236e-12 DE_GW/E=0 DE_GW=0 v_esc_cluster[km/s]=9.21691 tcpu=0.01
outcome: nstar=3 nobj=2:  0 [1 2] (single-binary)
output: type=single m=0.087211 R=0.148669 Eint=0 id=18388 ktype=0
output: type=binary m0=86.6518 m1=54.215 R0=13.0759 R1=9.77261 Eint1=0 Eint2=0 id0=31699 id1=100043 a=503.14 e=0.0691439 ktype1=1 ktype2=1
********************************************************************************
type=BS t=9.59761858e-05
params: b=1.41597 v=0.197297
input: type=single m=0.518633 R=0.462529 Eint=0 id=17124 ktype=0
input: type=binary m0=34.672 m1=33.6783 R0=7.35247 R1=7.20531 Eint1=0 Eint2=0 id0=29344 id1=100042 a=988.698 e=0.476147 ktype1=1 ktype2=1
status: DE/E=3.00867e-08 DE=-3.28039e-12 DL/L=1.02516e-09 DL=1.22784e-12 DE_GW/E=0 DE_GW=0 v_esc_cluster[km/s]=10.6789 tcpu=0
outcome: nstar=3 nobj=2:  0 [1 2] (single-binary)
output: type=single m=0.518633 R=0.462529 Eint=0 id=17124 ktype=0
output: type=binary m0=34.672 m1=33.6783 R0=7.35247 R1=7.20531 Eint1=0 Eint2=0 id0=29344 id1=100042 a=972.464 e=0.480931 ktype1=1 ktype2=1
********************************************************************************
type=BS t=0.000101795815
params: b=2.31053 v=0.215894
input: type=single m=0.140045 R=0.161713 Eint=0 id=13167 ktype=0
input: type=binary m0=15.7462 m1=14.4734 R0=4.27902 R1=4.03968 Eint1=0 Eint2=0 id0=14532 id1=100022 a=1692.64 e=0.734292 ktype1=1 ktype2=1
status: DE/E=4.5682e-08 DE=-1.85678e-12 DL/L=2.87411e-10 DL=1.31524e-13 DE_GW/E=0 DE_GW=0 v_esc_cluster[km/s]=9.72093 tcpu=0.01
outcome: nstar=3 nobj=2:  0 [1 2] (single-binary)
output: type=single m=0.140045 R=0.161713 Eint=0 id=13167 ktype=0
output: type=binary m0=15.7462 m1=14.4734 R0=4.27902 R1=4.03968 Eint1=0 Eint2=0 id0=14532 id1=100022 a=1695.72 e=0.733563 ktype1=1 ktype2=1
********************************************************************************
type=BS t=0.000101795815
params: b=1.27333 v=0.0867987
input: type=single m=0.191898 R=0.212706 Eint=0 id=58020 ktype=0
input: type=binary m0=122.435 m1=77.1386 R0=17.6313 R1=13.0426 Eint1=0 Eint2=0 id0=44533 id1=100062 a=2351.5 e=0.459609 ktype1=1 ktype2=1
status: DE/E=2.76812e-08 DE=-5.34565e-14 DL/L=8.5455e-10 DL=4.64788e-14 DE_GW/E=0 DE_GW=0 v_esc_cluster[km/s]=9.49155 tcpu=0
outcome: nstar=3 nobj=2:  0 [1 2] (single-binary)
output: type=single m=0.191898 R=0.212706 Eint=0 id=58020 ktype=0
output: type=binary m0=122.435 m1=77.1386 R0=17.6313 R1=13.0426 Eint1=0 Eint2=0 id0=44533 id1=100062 a=2354.68 e=0.458849 ktype1=1 ktype2=1
********************************************************************************
type=BS t=0.000111099178
params: b=1.85583 v=0.208186
input: type=single m=0.179309 R=0.201399 Eint=0 id=30653 ktype=0
input: type=binary m0=16.4798 m1=15.2352 R0=4.43286 R1=4.19865 Eint1=0 Eint2=0 id0=63013 id1=100094 a=1076.08 e=0.105038 ktype1=1 ktype2=1
status: DE/E=-3.35899e-09 DE=2.03442e-13 DL/L=8.27637e-09 DL=7.30839e-12 DE_GW/E=0 DE_GW=0 v_esc_cluster[km/s]=9.37869 tcpu=0
outcome: nstar=3 nobj=2:  0 [1 2] (single-binary)
output: type=single m=0.179309 R=0.201399 Eint=0 id=30653 ktype=0
output: type=binary m0=16.4798 m1=15.2352 R0=4.43286 R1=4.19865 Eint1=0 Eint2=0 id0=63013 id1=100094 a=1080.31 e=0.100919 ktype1=1 ktype2=1
********************************************************************************
type=BB t=0.000123226943
params: b=0.738061 v=0.057541
input: type=binary m0=119.443 m1=76.2552 R0=20.7691 R1=14.3712 Eint1=0 Eint2=0 id0=44533 id1=100062 a=2401.32 e=0.458849 ktype1=1 ktype2=1
input: type=binary m0=0.112588 m1=0.0753604 R0=0.136536 R1=0.156086 Eint1=0 Eint2=0 id0=40538 id1=102151 a=19.0183 e=0.333448 ktype1=0 ktype2=0
status: DE/E=3.49727e-08 DE=-6.69261e-14 DL/L=1.46057e-09 DL=7.77043e-14 DE_GW/E=0 DE_GW=0 v_esc_cluster[km/s]=10.2629 tcpu=0.02
outcome: nstar=4 nobj=2:  [0 1] [2 3] (binary-binary)
output: type=binary m0=119.443 m1=76.2552 R0=20.7691 R1=14.3712 Eint1=0 Eint2=0 id0=44533 id1=100062 a=2402.34 e=0.459304 ktype1=1 ktype2=1
output: type=binary m0=0.112588 m1=0.0753604 R0=0.136536 R1=0.156086 Eint1=0 Eint2=0 id0=40538 id1=102151 a=18.1669 e=0.134382 ktype1=0 ktype2=0
********************************************************************************
type=BS t=0.000123226943
params: b=2.82689 v=0.0601663
input: type=single m=0.610984 R=0.553047 Eint=0 id=19720 ktype=0
input: type=binary m0=84.6604 m1=53.6982 R0=15.6502 R1=10.8461 Eint1=0 Eint2=0 id0=31699 id1=100043 a=512.262 e=0.0691439 ktype1=1 ktype2=1
status: DE/E=4.49296e-08 DE=-1.82188e-12 DL/L=2.27636e-08 DL=1.35169e-11 DE_GW/E=0 DE_GW=0 v_esc_cluster[km/s]=10.0918 tcpu=0.01
outcome: nstar=3 nobj=2:  0 [1 2] (single-binary)
output: type=single m=0.610984 R=0.553047 Eint=0 id=19720 ktype=0
output: type=binary m0=84.6604 m1=53.6982 R0=15.6502 R1=10.8461 Eint1=0 Eint2=0 id0=31699 id1=100043 a=512.194 e=0.0644938 ktype1=1 ktype2=1
********************************************************************************
type=BS t=0.000123226943
params: b=8.69227 v=0.0261965
input: type=single m=0.200323 R=0.219972 Eint=0 id=70892 ktype=0
input: type=binary m0=26.7993 m1=20.1255 R0=6.36438 R1=5.15978 Eint1=0 Eint2=0 id0=52701 id1=100073 a=1942.73 e=0.00472494 ktype1=1 ktype2=1
status: DE/E=1.46116e-07 DE=-5.38594e-12 DL/L=6.99389e-08 DL=3.95012e-11 DE_GW/E=0 DE_GW=0 v_esc_cluster[km/s]=7.82805 tcpu=0.01
outcome: nstar=3 nobj=2:  0 [1 2] (single-binary)
output: type=single m=0.200323 R=0.219972 Eint=0 id=70892 ktype=0
output: type=binary m0=26.7993 m1=20.1255 R0=6.36438 R1=5.15978 Eint1=0 Eint2=0 id0=52701 id1=100073 a=1940.59 e=0.0105049 ktype1=1 ktype2=1
********************************************************************************
type=BS t=0.000130722799
params: b=2.26228 v=0.134034
input: type=single m=0.178879 R=0.201003 Eint=0 id=10146 ktype=0
input: type=binary m0=34.5591 m1=33.5779 R0=7.84398 R1=7.66843 Eint1=0 Eint2=0 id0=29344 id1=100042 a=975.507 e=0.480931 ktype1=1 ktype2=1
status: DE/E=3.13275e-08 DE=-4.21939e-13 DL/L=6.17159e-10 DL=1.44887e-13 DE_GW/E=0 DE_GW=0 v_esc_cluster[km/s]=10.5119 tcpu=0.01
outcome: nstar=3 nobj=2:  0 [1 2] (single-binary)
output: type=single m=0.178879 R=0.201003 Eint=0 id=10146 ktype=0
output: type=binary m0=34.5591 m1=33.5779 R0=7.84398 R1=7.66843 Eint1=0 Eint2=0 id0=29344 id1=100042 a=974.758 e=0.480171 ktype1=1 ktype2=1
********************************************************************************
type=BS t=0.000130722799
params: b=3.16477 v=0.0476444
input: type=single m=0.343359 R=0.325007 Eint=0 id=6919 ktype=0
input: type=binary m0=96.6345 m1=83.2158 R0=18.9356 R1=16.4959 Eint1=0 Eint2=0 id0=34276 id1=100050 a=1822.46 e=0.129716 ktype1=1 ktype2=1
status: DE/E=5.33466e-08 DE=-3.8868e-13 DL/L=1.80003e-08 DL=2.95115e-12 DE_GW/E=0 DE_GW=0 v_esc_cluster[km/s]=10.412 tcpu=0
outcome: nstar=3 nobj=2:  0 [1 2] (single-binary)
output: type=single m=0.343359 R=0.325007 Eint=0 id=6919 ktype=0
output: type=binary m0=96.6345 m1=83.2158 R0=18.9356 R1=16.4959 Eint1=0 Eint2=0 id0=34276 id1=100050 a=1822.43 e=0.129979 ktype1=1 ktype2=1
********************************************************************************
type=BS t=0.000142494764
params: b=1.71253 v=0.181803
input: type=single m=0.121749 R=0.140281 Eint=0 id=4589 ktype=0
input: type=binary m0=15.7438 m1=14.472 R0=4.37814 R1=4.12243 Eint1=0 Eint2=0 id0=14532 id1=100022 a=1695.93 e=0.733563 ktype1=1 ktype2=1
status: DE/E=8.78159e-08 DE=-2.73998e-12 DL/L=2.03674e-09 DL=6.99857e-13 DE_GW/E=0 DE_GW=0 v_esc_cluster[km/s]=10.4156 tcpu=0.01
outcome: nstar=3 nobj=2:  0 [1 2] (single-binary)
output: type=single m=0.121749 R=0.140281 Eint=0 id=4589 ktype=0
output: type=binary m0=15.7438 m1=14.472 R0=4.37814 R1=4.12243 Eint1=0 Eint2=0 id0=14532 id1=100022 a=1697.65 e=0.735828 ktype1=1 ktype2=1
********************************************************************************
type=BS t=0.000142494764
params: b=2.23256 v=0.0356226
input: type=single m=0.0801456 R=0.152916 Eint=0 id=5012 ktype=0
input: type=binary m0=95.7004 m1=82.6216 R0=20.4052 R1=17.526 Eint1=0 Eint2=0 id0=34276 id1=100050 a=1838.05 e=0.129979 ktype1=1 ktype2=1
status: DE/E=2.85437e-08 DE=-1.15688e-14 DL/L=1.0771e-08 DL=2.03537e-13 DE_GW/E=0 DE_GW=0 v_esc_cluster[km/s]=10.202 tcpu=0
outcome: nstar=3 nobj=2:  0 [1 2] (single-binary)
output: type=single m=0.0801456 R=0.152916 Eint=0 id=5012 ktype=0
output: type=binary m0=95.7004 m1=82.6216 R0=20.4052 R1=17.526 Eint1=0 Eint2=0 id0=34276 id1=100050 a=1838.02 e=0.129889 ktype1=1 ktype2=1
********************************************************************************
type=BS t=0.000142494764
params: b=13.4962 v=0.010469
input: type=single m=0.193767 R=0.214338 Eint=0 id=6422 ktype=0
input: type=binary m0=83.4156 m1=53.404 R0=17.6969 R1=11.5595 Eint1=0 Eint2=0 id0=31699 id1=100043 a=517.957 e=0.0644938 ktype1=1 ktype2=1
status: DE/E=7.01089e-08 DE=-2.94582e-13 DL/L=3.11433e-08 DL=3.38714e-12 DE_GW/E=0 DE_GW=0 v_esc_cluster[km/s]=10.1524 tcpu=0.01
outcome: nstar=3 nobj=2:  0 [1 2] (single-binary)
output: type=single m=0.193767 R=0.214338 Eint=0 id=6422 ktype=0
output: type=binary m0=83.4156 m1=53.404 R0=17.6969 R1=11.5595 Eint1=0 Eint2=0 id0=31699 id1=100043 a=517.885 e=0.0640999 ktype1=1 ktype2=1
********************************************************************************
type=BS t=0.000142494764
params: b=1.56947 v=0.64623
input: type=single m=0.370104 R=0.343793 Eint=0 id=48454 ktype=0
input: type=binary m0=17.577 m1=15.4987 R0=4.74179 R1=4.32908 Eint1=0 Eint2=0 id0=12902 id1=100016 a=1732.33 e=0.67116 ktype1=1 ktype2=1
status: DE/E=3.00146e-09 DE=-4.29791e-13 DL/L=2.66064e-10 DL=4.90181e-13 DE_GW/E=0 DE_GW=0 v_esc_cluster[km/s]=10.0045 tcpu=0.01
outcome: nstar=3 nobj=2:  0 [1 2] (single-binary)
output: type=single m=0.370104 R=0.343793 Eint=0 id=48454 ktype=0
output: type=binary m0=17.577 m1=15.4987 R0=4.74179 R1=4.32908 Eint1=0 Eint2=0 id0=12902 id1=100016 a=1735.16 e=0.666872 ktype1=1 ktype2=1
********************************************************************************
type=BS t=0.000142494764
params: b=2.57362 v=0.0510288
input: type=single m=0.0809534 R=0.152405 Eint=0 id=79664 ktype=0
input: type=binary m0=116.09 m1=75.3465 R0=25.148 R1=15.9818 Eint1=0 Eint2=0 id0=44533 id1=100062 a=2455.83 e=0.459304 ktype1=1 ktype2=1
status: DE/E=2.40796e-08 DE=-8.98939e-15 DL/L=9.89392e-10 DL=1.55565e-14 DE_GW/E=0 DE_GW=0 v_esc_cluster[km/s]=9.42215 tcpu=0.01
outcome: nstar=3 nobj=2:  0 [1 2] (single-binary)
output: type=single m=0.0809534 R=0.152405 Eint=0 id=79664 ktype=0
output: type=binary m0=116.09 m1=75.3465 R0=25.148 R1=15.9818 Eint1=0 Eint2=0 id0=44533 id1=100062 a=2455.86 e=0.459293 ktype1=1 ktype2=1
********************************************************************************
type=BS t=0.000153793022
params: b=4.03135 v=0.0993033
input: type=single m=1.62134 R=1.11417 Eint=0 id=7982 ktype=1
input: type=binary m0=94.0461 m1=81.5787 R0=23.5026 R1=19.6112 Eint1=0 Eint2=0 id0=34276 id1=100050 a=1866.25 e=0.129889 ktype1=1 ktype2=1
status: DE/E=7.74032e-08 DE=-1.28906e-11 DL/L=1.77437e-08 DL=3.31944e-11 DE_GW/E=0 DE_GW=0 v_esc_cluster[km/s]=9.79665 tcpu=0.01
outcome: nstar=3 nobj=2:  0 [1 2] (single-binary)
output: type=single m=1.62134 R=1.11417 Eint=0 id=7982 ktype=1
output: type=binary m0=94.0461 m1=81.5787 R0=23.5026 R1=19.6112 Eint1=0 Eint2=0 id0=34276 id1=100050 a=1873.67 e=0.142637 ktype1=1 ktype2=1
********************************************************************************
type=BS t=0.000153793022
params: b=5.40847 v=0.0254936
input: type=single m=0.232486 R=0.245937 Eint=0 id=28592 ktype=0
input: type=binary m0=92.0333 m1=62.7181 R0=22.8451 R1=14.4931 Eint1=0 Eint2=0 id0=21849 id1=100031 a=1787.46 e=0.346498 ktype1=1 ktype2=1
status: DE/E=7.51013e-08 DE=-3.50337e-13 DL/L=2.27482e-09 DL=2.53818e-13 DE_GW/E=0 DE_GW=0 v_esc_cluster[km/s]=9.4186 tcpu=0.02
outcome: nstar=3 nobj=2:  0 [1 2] (single-binary)
output: type=single m=0.232486 R=0.245937 Eint=0 id=28592 ktype=0
output: type=binary m0=92.0333 m1=62.7181 R0=22.8451 R1=14.4931 Eint1=0 Eint2=0 id0=21849 id1=100031 a=1788.46 e=0.345769 ktype1=1 ktype2=1
********************************************************************************
type=BS t=0.000153793022
params: b=2.33435 v=0.0464262
input: type=single m=0.283148 R=0.283096 Eint=0 id=60734 ktype=0
input: type=binary m0=48.8014 m1=31.0817 R0=11.2226 R1=7.49421 Eint1=0 Eint2=0 id0=72982 id1=100106 a=149.607 e=0.124568 ktype1=1 ktype2=1
status: DE/E=3.23088e-08 DE=-8.45996e-13 DL/L=2.07577e-08 DL=8.87561e-12 DE_GW/E=0 DE_GW=0 v_esc_cluster[km/s]=8.46288 tcpu=0.01
outcome: nstar=3 nobj=2:  0 [1 2] (single-binary)
output: type=single m=0.283148 R=0.283096 Eint=0 id=60734 ktype=0
output: type=binary m0=48.8014 m1=31.0817 R0=11.2226 R1=7.49421 Eint1=0 Eint2=0 id0=72982 id1=100106 a=148.833 e=0.14538 ktype1=1 ktype2=1
********************************************************************************
type=BS t=0.000159148467
params: b=3.25228 v=0.023828
input: type=single m=0.102445 R=0.140901 Eint=0 id=3530 ktype=0
input: type=binary m0=90.3659 m1=62.2562 R0=27.0251 R1=15.7351 Eint1=0 Eint2=0 id0=21849 id1=100031 a=1813.42 e=0.345769 ktype1=1 ktype2=1
status: DE/E=3.44368e-08 DE=-3.20596e-14 DL/L=1.95479e-09 DL=6.50129e-14 DE_GW/E=0 DE_GW=0 v_esc_cluster[km/s]=10.2029 tcpu=0
outcome: nstar=3 nobj=2:  0 [1 2] (single-binary)
output: type=single m=0.102445 R=0.140901 Eint=0 id=3530 ktype=0
output: type=binary m0=90.3659 m1=62.2562 R0=27.0251 R1=15.7351 Eint1=0 Eint2=0 id0=21849 id1=100031 a=1813.3 e=0.346636 ktype1=1 ktype2=1
********************************************************************************
type=BS t=0.000159148467
params: b=19.0027 v=0.073865
input: type=single m=0.134864 R=0.155861 Eint=0 id=19124 ktype=0
input: type=binary m0=2.00275 m1=0.28905 R0=1.20304 R1=0.287252 Eint1=0 Eint2=0 id0=39407 id1=102108 a=8.27232 e=0.187064 ktype1=1 ktype2=0
status: DE/E=2.80439e-07 DE=-3.90804e-09 DL/L=8.05771e-09 DL=3.85143e-10 DE_GW/E=0 DE_GW=0 v_esc_cluster[km/s]=9.01208 tcpu=0.02
outcome: nstar=3 nobj=2:  0 [1 2] (single-binary)
output: type=single m=0.134864 R=0.155861 Eint=0 id=19124 ktype=0
output: type=binary m0=2.00275 m1=0.28905 R0=1.20304 R1=0.287252 Eint1=0 Eint2=0 id0=39407 id1=102108 a=8.19464 e=0.192755 ktype1=1 ktype2=0
********************************************************************************
type=BS t=0.00016865056
params: b=1.02516 v=0.0454678
input: type=single m=0.208115 R=0.226502 Eint=0 id=26261 ktype=0
input: type=binary m0=91.3715 m1=79.8747 R0=30.9787 R1=24.2379 Eint1=0 Eint2=0 id0=34276 id1=100050 a=1921.58 e=0.142637 ktype1=1 ktype2=1
status: DE/E=2.19545e-08 DE=-6.48522e-14 DL/L=8.83226e-09 DL=7.40157e-13 DE_GW/E=0 DE_GW=0 v_esc_cluster[km/s]=9.73359 tcpu=0
outcome: nstar=3 nobj=2:  0 [1 2] (single-binary)
output: type=single m=0.208115 R=0.226502 Eint=0 id=26261 ktype=0
output: type=binary m0=91.3715 m1=79.8747 R0=30.9787 R1=24.2379 Eint1=0 Eint2=0 id0=34276 id1=100050 a=1918.41 e=0.142231 ktype1=1 ktype2=1
********************************************************************************
type=BS t=0.00016865056
params: b=0.788192 v=0.0698838
input: type=single m=0.173515 R=0.195994 Eint=0 id=35260 ktype=0
input: type=binary m0=26.7446 m1=20.1127 R0=6.8087 R1=5.38959 Eint1=0 Eint2=0 id0=52701 id1=100073 a=1943.39 e=0.0105049 ktype1=1 ktype2=1
status: DE/E=1.1558e-07 DE=-3.19511e-12 DL/L=5.07803e-08 DL=2.30932e-11 DE_GW/E=0 DE_GW=0 v_esc_cluster[km/s]=7.41609 tcpu=0.01
outcome: nstar=3 nobj=2:  0 [1 2] (single-binary)
output: type=single m=0.173515 R=0.195994 Eint=0 id=35260 ktype=0
output: type=binary m0=26.7446 m1=20.1127 R0=6.8087 R1=5.38959 Eint1=0 Eint2=0 id0=52701 id1=100073 a=1952.82 e=0.0162517 ktype1=1 ktype2=1
********************************************************************************
type=BB t=0.000174725871
params: b=4.53084 v=0.0792573
input: type=binary m0=0.135978 m1=0.120181 R0=0.157133 R1=0.13834 Eint1=0 Eint2=0 id0=9319 id1=100583 a=1.93331 e=0.670505 ktype1=0 ktype2=0
input: type=binary m0=19.6175 m1=15.4286 R0=5.33615 R1=4.42634 Eint1=0 Eint2=0 id0=9389 id1=100008 a=174.862 e=0.0073849 ktype1=1 ktype2=1
status: DE/E=-9.53913e-09 DE=9.96722e-13 DL/L=2.58005e-08 DL=2.97553e-11 DE_GW/E=0 DE_GW=0 v_esc_cluster[km/s]=10.0076 tcpu=0.07
outcome: nstar=4 nobj=2:  [0 1] [2 3] (binary-binary)
output: type=binary m0=0.135978 m1=0.120181 R0=0.157133 R1=0.13834 Eint1=0 Eint2=0 id0=9319 id1=100583 a=1.93331 e=0.668874 ktype1=0 ktype2=0
output: type=binary m0=19.6175 m1=15.4286 R0=5.33615 R1=4.42634 Eint1=0 Eint2=0 id0=9389 id1=100008 a=174.825 e=0.00707734 ktype1=1 ktype2=1
********************************************************************************
type=BS t=0.000174725871
params: b=1.91515 v=0.212724
input: type=single m=0.419425 R=0.379916 Eint=0 id=12477 ktype=0
input: type=binary m0=26.7314 m1=20.1097 R0=6.9203 R1=5.4436 Eint1=0 Eint2=0 id0=52701 id1=100073 a=1953.49 e=0.0162517 ktype1=1 ktype2=1
status: DE/E=5.18994e-08 DE=-7.96449e-12 DL/L=1.22899e-08 DL=2.03598e-11 DE_GW/E=0 DE_GW=0 v_esc_cluster[km/s]=9.88975 tcpu=0
outcome: nstar=3 nobj=2:  0 [1 2] (single-binary)
output: type=single m=0.419425 R=0.379916 Eint=0 id=12477 ktype=0
output: type=binary m0=26.7314 m1=20.1097 R0=6.9203 R1=5.4436 Eint1=0 Eint2=0 id0=52701 id1=100073 a=1953.57 e=0.0140802 ktype1=1 ktype2=1
********************************************************************************
type=BS t=0.000174725871
params: b=3.03391 v=0.0298131
input: type=single m=0.107528 R=0.138645 Eint=0 id=43517 ktype=0
input: type=binary m0=88.0547 m1=61.5751 R0=36.8558 R1=18.0152 Eint1=0 Eint2=0 id0=21849 id1=100031 a=1849.57 e=0.346636 ktype1=1 ktype2=1
status: DE/E=3.74136e-08 DE=-3.97991e-14 DL/L=2.25295e-09 DL=8.24748e-14 DE_GW/E=0 DE_GW=0 v_esc_cluster[km/s]=9.28302 tcpu=0
outcome: nstar=3 nobj=2:  0 [1 2] (single-binary)
output: type=single m=0.107528 R=0.138645 Eint=0 id=43517 ktype=0
output: type=binary m0=88.0547 m1=61.5751 R0=36.8558 R1=18.0152 Eint1=0 Eint2=0 id0=21849 id1=100031 a=1849.44 e=0.346143 ktype1=1 ktype2=1
********************************************************************************
type=BS t=0.000190747492
params: b=1.84118 v=0.121547
input: type=single m=0.577531 R=0.518995 Eint=0 id=13680 ktype=0
input: type=binary m0=66.6505 m1=72.0264 R0=8309.5 R1=26.7163 Eint1=0 Eint2=0 id0=44533 id1=100062 a=3392.29 e=0.459004 ktype1=4 ktype2=1
status: DE/E=4.5937e-08 DE=-1.55924e-12 DL/L=1.29228e-09 DL=6.2367e-13 DE_GW/E=0 DE_GW=0 v_esc_cluster[km/s]=10.2618 tcpu=0
outcome: nstar=3 nobj=2:  0 [1 2] (single-binary)
output: type=single m=0.577531 R=0.518995 Eint=0 id=13680 ktype=0
output: type=binary m0=66.6505 m1=72.0264 R0=8309.5 R1=26.7163 Eint1=0 Eint2=0 id0=44533 id1=100062 a=3395.07 e=0.457645 ktype1=4 ktype2=1
********************************************************************************
type=BS t=0.000190747492
params: b=2.83522 v=0.131103
input: type=single m=0.714007 R=0.660436 Eint=0 id=8868 ktype=1
input: type=binary m0=87.1826 m1=61.274 R0=43.7629 R1=19.2771 Eint1=0 Eint2=0 id0=21849 id1=100031 a=1864.06 e=0.346143 ktype1=1 ktype2=1
status: DE/E=3.76134e-08 DE=-1.74708e-12 DL/L=1.27516e-09 DL=8.27132e-13 DE_GW/E=0 DE_GW=0 v_esc_cluster[km/s]=9.65094 tcpu=0
outcome: nstar=3 nobj=2:  0 [1 2] (single-binary)
output: type=single m=0.714007 R=0.660436 Eint=0 id=8868 ktype=1
output: type=binary m0=87.1826 m1=61.274 R0=43.7629 R1=19.2771 Eint1=0 Eint2=0 id0=21849 id1=100031 a=1865.72 e=0.343441 ktype1=1 ktype2=1
********************************************************************************
type=BS t=0.000190747492
params: b=9.62803 v=0.013827
input: type=single m=0.0989863 R=0.142523 Eint=0 id=17207 ktype=0
input: type=binary m0=39.0344 m1=38.4091 R0=10.2223 R1=10.0394 Eint1=0 Eint2=0 id0=23071 id1=100033 a=345.967 e=0.325266 ktype1=1 ktype2=1
status: DE/E=6.22907e-08 DE=-2.02988e-13 DL/L=2.16507e-09 DL=1.85935e-13 DE_GW/E=0 DE_GW=0 v_esc_cluster[km/s]=9.36424 tcpu=0.01
outcome: nstar=3 nobj=2:  0 [1 2] (single-binary)
output: type=single m=0.0989863 R=0.142523 Eint=0 id=17207 ktype=0
output: type=binary m0=39.0344 m1=38.4091 R0=10.2223 R1=10.0394 Eint1=0 Eint2=0 id0=23071 id1=100033 a=345.94 e=0.325691 ktype1=1 ktype2=1
********************************************************************************
type=BS t=0.000207213878
params: b=0.696543 v=0.374116
input: type=single m=0.78817 R=0.733614 Eint=0 id=46199 ktype=1
input: type=binary m0=26.6986 m1=20.1025 R0=7.20857 R1=5.5771 Eint1=0 Eint2=0 id0=52701 id1=100073 a=1955.24 e=0.0140802 ktype1=1 ktype2=1
status: DE/E=-2.23311e-08 DE=1.07496e-11 DL/L=7.45107e-09 DL=3.14869e-11 DE_GW/E=0 DE_GW=0 v_esc_cluster[km/s]=10.0527 tcpu=0
outcome: nstar=3 nobj=2:  0 [1 2] (single-binary)
output: type=single m=0.78817 R=0.733614 Eint=0 id=46199 ktype=1
output: type=binary m0=26.6986 m1=20.1025 R0=7.20857 R1=5.5771 Eint1=0 Eint2=0 id0=52701 id1=100073 a=1704.69 e=0.156645 ktype1=1 ktype2=1
********************************************************************************
type=BS t=0.000207213878
params: b=11.552 v=0.0471796
input: type=single m=0.195342 R=0.215704 Eint=0 id=24375 ktype=0
input: type=binary m0=5.52131 m1=3.87966 R0=2.1902 R1=1.75728 Eint1=0 Eint2=0 id0=523 id1=100163 a=23.6708 e=0.2612 ktype1=1 ktype2=1
status: DE/E=4.55774e-08 DE=-3.88728e-11 DL/L=2.00233e-09 DL=1.32423e-11 DE_GW/E=0 DE_GW=0 v_esc_cluster[km/s]=10.0303 tcpu=0.01
outcome: nstar=3 nobj=2:  0 [1 2] (single-binary)
output: type=single m=0.195342 R=0.215704 Eint=0 id=24375 ktype=0
output: type=binary m0=5.52131 m1=3.87966 R0=2.1902 R1=1.75728 Eint1=0 Eint2=0 id0=523 id1=100163 a=23.0641 e=0.239941 ktype1=1 ktype2=1
********************************************************************************
type=BS t=0.000207213878
params: b=3.00418 v=0.079751
input: type=single m=0.215811 R=0.23279 Eint=0 id=31506 ktype=0
input: type=binary m0=38.7851 m1=67.8059 R0=2.19551 R1=5291.03 Eint1=0 Eint2=0 id0=34276 id1=100050 a=3083.9 e=0.141982 ktype1=7 ktype2=4
status: DE/E=1.19244e-08 DE=-1.04494e-13 DL/L=8.06815e-09 DL=1.47518e-12 DE_GW/E=0 DE_GW=0 v_esc_cluster[km/s]=9.77015 tcpu=0
outcome: nstar=3 nobj=2:  0 [1 2] (single-binary)
output: type=single m=0.215811 R=0.23279 Eint=0 id=31506 ktype=0
output: type=binary m0=38.7851 m1=67.8059 R0=2.19551 R1=5291.03 Eint1=0 Eint2=0 id0=34276 id1=100050 a=3083.96 e=0.141992 ktype1=7 ktype2=4
********************************************************************************
type=BS t=0.000207213878
params: b=1.62431 v=0.382053
input: type=single m=0.539008 R=0.481472 Eint=0 id=23216 ktype=0
input: type=binary m0=15.7394 m1=14.4694 R0=4.56634 R1=4.27687 Eint1=0 Eint2=0 id0=14532 id1=100022 a=1698.05 e=0.735828 ktype1=1 ktype2=1
status: DE/E=8.40387e-08 DE=-4.41891e-11 DL/L=2.43632e-10 DL=6.35355e-13 DE_GW/E=0 DE_GW=0 v_esc_cluster[km/s]=9.56069 tcpu=0.01
outcome: nstar=3 nobj=2:  0 [1 2] (single-binary)
output: type=single m=0.539008 R=0.481472 Eint=0 id=23216 ktype=0
output: type=binary m0=15.7394 m1=14.4694 R0=4.56634 R1=4.27687 Eint1=0 Eint2=0 id0=14532 id1=100022 a=1703.92 e=0.718354 ktype1=1 ktype2=1
********************************************************************************
type=BS t=0.000207213878
params: b=0.476302 v=0.170606
input: type=single m=1.21329 R=1.07301 Eint=0 id=33205 ktype=1
input: type=binary m0=71.8407 m1=50.2635 R0=41.1853 R1=16.2195 Eint1=0 Eint2=0 id0=13077 id1=100017 a=1225.74 e=0.345969 ktype1=1 ktype2=1
status: DE/E=2.11428e-08 DE=-4.10225e-12 DL/L=1.3321e-09 DL=2.46001e-12 DE_GW/E=0 DE_GW=0 v_esc_cluster[km/s]=8.89848 tcpu=0.01
outcome: nstar=3 nobj=2:  0 [1 2] (single-binary)
output: type=single m=1.21329 R=1.07301 Eint=0 id=33205 ktype=1
output: type=binary m0=71.8407 m1=50.2635 R0=41.1853 R1=16.2195 Eint1=0 Eint2=0 id0=13077 id1=100017 a=1220.91 e=0.361412 ktype1=1 ktype2=1
********************************************************************************
type=BS t=0.000207213878
params: b=2.39755 v=0.0390024
input: type=single m=0.0845636 R=0.150205 Eint=0 id=12640 ktype=0
input: type=binary m0=40.8728 m1=70.7498 R0=0.000866504 R1=38.9377 Eint1=0 Eint2=0 id0=44533 id1=100062 a=4287.32 e=0.471123 ktype1=14 ktype2=1
status: DE/E=5.27307e-08 DE=-6.50011e-14 DL/L=1.99182e-09 DL=7.56762e-14 DE_GW/E=0 DE_GW=0 v_esc_cluster[km/s]=7.60013 tcpu=0.01
outcome: nstar=3 nobj=2:  0 [1 2] (single-binary)
output: type=single m=0.0845636 R=0.150205 Eint=0 id=12640 ktype=0
output: type=binary m0=40.8728 m1=70.7498 R0=0.000866504 R1=38.9377 Eint1=0 Eint2=0 id0=44533 id1=100062 a=4287.72 e=0.47082 ktype1=14 ktype2=1
********************************************************************************
type=BS t=0.000233022806
params: b=1.88405 v=0.517545
input: type=single m=0.312926 R=0.303896 Eint=0 id=62830 ktype=0
input: type=binary m0=15.7381 m1=14.4686 R0=4.62265 R1=4.32236 Eint1=0 Eint2=0 id0=14532 id1=100022 a=1704.04 e=0.718354 ktype1=1 ktype2=1
status: DE/E=3.41743e-08 DE=-5.27012e-12 DL/L=4.7368e-10 DL=6.7042e-13 DE_GW/E=0 DE_GW=0 v_esc_cluster[km/s]=10.2021 tcpu=0
outcome: nstar=3 nobj=2:  0 [1 2] (single-binary)
output: type=single m=0.312926 R=0.303896 Eint=0 id=62830 ktype=0
output: type=binary m0=15.7381 m1=14.4686 R0=4.62265 R1=4.32236 Eint1=0 Eint2=0 id0=14532 id1=100022 a=1702.39 e=0.71809 ktype1=1 ktype2=1
********************************************************************************
type=BS t=0.000233022806
params: b=1.0957 v=0.0772934
input: type=single m=0.097209 R=0.143387 Eint=0 id=15033 ktype=0
input: type=binary m0=29.9172 m1=49.9188 R0=1.90729 R1=19.5874 Eint1=0 Eint2=0 id0=13077 id1=100017 a=1864.26 e=0.360525 ktype1=7 ktype2=1
status: DE/E=2.74867e-08 DE=-8.62304e-14 DL/L=1.20272e-09 DL=9.80676e-14 DE_GW/E=0 DE_GW=0 v_esc_cluster[km/s]=9.6294 tcpu=0
outcome: nstar=3 nobj=2:  0 [1 2] (single-binary)
output: type=single m=0.097209 R=0.143387 Eint=0 id=15033 ktype=0
output: type=binary m0=29.9172 m1=49.9188 R0=1.90729 R1=19.5874 Eint1=0 Eint2=0 id0=13077 id1=100017 a=1867.9 e=0.358739 ktype1=7 ktype2=1
********************************************************************************
type=BB t=0.000233022806
params: b=1.68316 v=0.289883
input: type=binary m0=0.178992 m1=0.0714642 R0=0.201107 R1=0.158872 Eint1=0 Eint2=0 id0=21303 id1=101173 a=8.61862 e=0.690194 ktype1=0 ktype2=0
input: type=binary m0=40.8804 m1=29.7839 R0=0.000866664 R1=1.89936 Eint1=0 Eint2=0 id0=44533 id1=100062 a=6796.81 e=0.470736 ktype1=14 ktype2=7
status: DE/E=7.98402e-09 DE=-1.85281e-13 DL/L=3.62698e-10 DL=1.36679e-13 DE_GW/E=0 DE_GW=0 v_esc_cluster[km/s]=8.10853 tcpu=0
outcome: nstar=4 nobj=2:  [0 1] [2 3] (binary-binary)
output: type=binary m0=0.178992 m1=0.0714642 R0=0.201107 R1=0.158872 Eint1=0 Eint2=0 id0=21303 id1=101173 a=8.61862 e=0.690194 ktype1=0 ktype2=0
output: type=binary m0=40.8804 m1=29.7839 R0=0.000866664 R1=1.89936 Eint1=0 Eint2=0 id0=44533 id1=100062 a=6787.6 e=0.470954 ktype1=14 ktype2=7
********************************************************************************
type=BS t=0.000260478809
params: b=1.94216 v=0.782099
input: type=single m=0.73396 R=0.680681 Eint=0 id=26516 ktype=1
input: type=binary m0=19.5129 m1=16.0547 R0=5.71026 R1=4.7969 Eint1=0 Eint2=0 id0=20165 id1=100029 a=1877.27 e=0.522662 ktype1=1 ktype2=1
status: DE/E=5.06961e-08 DE=-1.62485e-11 DL/L=2.3363e-10 DL=9.83185e-13 DE_GW/E=0 DE_GW=0 v_esc_cluster[km/s]=9.86207 tcpu=0
outcome: nstar=3 nobj=2:  0 [1 2] (single-binary)
output: type=single m=0.73396 R=0.680681 Eint=0 id=26516 ktype=1
output: type=binary m0=19.5129 m1=16.0547 R0=5.71026 R1=4.7969 Eint1=0 Eint2=0 id0=20165 id1=100029 a=1874.71 e=0.51983 ktype1=1 ktype2=1
********************************************************************************
type=BS t=0.000260478809
params: b=1.73818 v=0.203194
input: type=single m=0.168775 R=0.191468 Eint=0 id=24466 ktype=0
input: type=binary m0=34.0117 m1=22.9838 R0=0.000721047 R1=0.000487256 Eint1=0 Eint2=0 id0=21849 id1=100031 a=4877.46 e=0.342926 ktype1=14 ktype2=14
status: DE/E=9.65188e-09 DE=-1.67598e-13 DL/L=1.72216e-10 DL=5.36159e-14 DE_GW/E=1.19081e-18 DE_GW=-2.06776e-23 v_esc_cluster[km/s]=9.80811 tcpu=0
outcome: nstar=3 nobj=2:  0 [1 2] (single-binary)
output: type=single m=0.168775 R=0.191468 Eint=0 id=24466 ktype=0
output: type=binary m0=34.0117 m1=22.9838 R0=0.000721047 R1=0.000487256 Eint1=0 Eint2=0 id0=21849 id1=100031 a=4871.57 e=0.345496 ktype1=14 ktype2=14
********************************************************************************
type=BS t=0.000260478809
params: b=3.17004 v=0.634989
input: type=single m=1.11636 R=1.02093 Eint=0 id=47694 ktype=1
input: type=binary m0=0.597673 m1=0.442853 R0=0.539369 R1=0.398065 Eint1=0 Eint2=0 id0=13295 id1=100780 a=3.41176 e=0.90144 ktype1=0 ktype2=0
status: DE/E=1.11507e-06 DE=-3.6461e-07 DL/L=5.03652e-10 DL=1.14339e-09 DE_GW/E=0 DE_GW=0 v_esc_cluster[km/s]=9.64814 tcpu=0.05
outcome: nstar=3 nobj=2:  [0 2] 1 (binary-single)
output: type=binary m0=1.11636 m1=0.442853 R0=1.02093 R1=0.398065 Eint1=0 Eint2=0 id0=47694 id1=100780 a=2.69368 e=0.91563 ktype1=1 ktype2=0
output: type=single m=0.597673 R=0.539369 Eint=0 id=13295 ktype=0
********************************************************************************
type=BS t=0.000260478809
params: b=2.57776 v=0.10882
input: type=single m=0.218956 R=0.235317 Eint=0 id=15826 ktype=0
input: type=binary m0=34.6785 m1=30.1274 R0=0.000735184 R1=0.000638701 Eint1=0 Eint2=0 id0=34276 id1=100050 a=5096.09 e=0.151842 ktype1=14 ktype2=14
status: DE/E=3.16601e-08 DE=-7.1297e-13 DL/L=8.02953e-09 DL=3.07509e-12 DE_GW/E=8.81255e-19 DE_GW=-1.98454e-23 v_esc_cluster[km/s]=8.74169 tcpu=0
outcome: nstar=3 nobj=2:  0 [1 2] (single-binary)
output: type=single m=0.218956 R=0.235317 Eint=0 id=15826 ktype=0
output: type=binary m0=34.6785 m1=30.1274 R0=0.000735184 R1=0.000638701 Eint1=0 Eint2=0 id0=34276 id1=100050 a=5096.85 e=0.150358 ktype1=14 ktype2=14
********************************************************************************
type=BS t=0.000260478809
params: b=4.03969 v=0.0665668
input: type=single m=0.189877 R=0.210929 Eint=0 id=36678 ktype=0
input: type=binary m0=20.7392 m1=12.859 R0=6.05281 R1=3.99981 Eint1=0 Eint2=0 id0=32402 id1=100046 a=792.972 e=0.212665 ktype1=1 ktype2=1
status: DE/E=3.15017e-08 DE=-2.09618e-12 DL/L=4.62253e-09 DL=3.83984e-12 DE_GW/E=-0 DE_GW=0 v_esc_cluster[km/s]=8.71262 tcpu=0.01
outcome: nstar=3 nobj=2:  0 [1 2] (single-binary)
output: type=single m=0.189877 R=0.210929 Eint=0 id=36678 ktype=0
output: type=binary m0=20.7392 m1=12.859 R0=6.05281 R1=3.99981 Eint1=0 Eint2=0 id0=32402 id1=100046 a=792.074 e=0.210706 ktype1=1 ktype2=1
********************************************************************************
type=BS t=0.000286811059
params: b=1.65051 v=0.32186
input: type=single m=0.209518 R=0.22766 Eint=0 id=11670 ktype=0
input: type=binary m0=15.7335 m1=14.466 R0=4.82219 R1=4.48093 Eint1=0 Eint2=0 id0=14532 id1=100022 a=1702.8 e=0.71809 ktype1=1 ktype2=1
status: DE/E=6.3227e-08 DE=-5.39064e-12 DL/L=6.44721e-10 DL=5.53046e-13 DE_GW/E=-0 DE_GW=0 v_esc_cluster[km/s]=9.63091 tcpu=0.01
outcome: nstar=3 nobj=2:  0 [1 2] (single-binary)
output: type=single m=0.209518 R=0.22766 Eint=0 id=11670 ktype=0
output: type=binary m0=15.7335 m1=14.466 R0=4.82219 R1=4.48093 Eint1=0 Eint2=0 id0=14532 id1=100022 a=1709.86 e=0.716864 ktype1=1 ktype2=1
********************************************************************************
type=BS t=0.000286811059
params: b=1.87338 v=0.147301
input: type=single m=0.100353 R=0.141873 Eint=0 id=7575 ktype=0
input: type=binary m0=34.6785 m1=30.1274 R0=0.000735184 R1=0.000638701 Eint1=0 Eint2=0 id0=34276 id1=100050 a=5096.85 e=0.150358 ktype1=14 ktype2=14
status: DE/E=1.71381e-08 DE=-8.05574e-14 DL/L=4.15478e-09 DL=5.00371e-13 DE_GW/E=9.74985e-19 DE_GW=-4.5829e-24 v_esc_cluster[km/s]=9.5098 tcpu=0
outcome: nstar=3 nobj=2:  0 [1 2] (single-binary)
output: type=single m=0.100353 R=0.141873 Eint=0 id=7575 ktype=0
output: type=binary m0=34.6785 m1=30.1274 R0=0.000735184 R1=0.000638701 Eint1=0 Eint2=0 id0=34276 id1=100050 a=5099.03 e=0.150419 ktype1=14 ktype2=14
********************************************************************************
type=BS t=0.000286811059
params: b=1.37663 v=1.3229
input: type=single m=0.111497 R=0.13698 Eint=0 id=33491 ktype=0
input: type=binary m0=0.495754 m1=0.493717 R0=0.442078 R1=0.4403 Eint1=0 Eint2=0 id0=19179 id1=101079 a=55.2178 e=0.614417 ktype1=0 ktype2=0
status: DE/E=-3.65222e-08 DE=-5.61911e-10 DL/L=2.52534e-10 DL=2.79275e-11 DE_GW/E=0 DE_GW=0 v_esc_cluster[km/s]=9.29346 tcpu=0.01
outcome: nstar=3 nobj=2:  0 [1 2] (single-binary)
output: type=single m=0.111497 R=0.13698 Eint=0 id=33491 ktype=0
output: type=binary m0=0.495754 m1=0.493717 R0=0.442078 R1=0.4403 Eint1=0 Eint2=0 id0=19179 id1=101079 a=54.3073 e=0.621533 ktype1=0 ktype2=0
********************************************************************************
type=BS t=0.000286811059
params: b=1.20809 v=0.165578
input: type=single m=0.121997 R=0.140585 Eint=0 id=19326 ktype=0
input: type=binary m0=27.7207 m1=19.2369 R0=0.000587679 R1=0.000407822 Eint1=0 Eint2=0 id0=13077 id1=100017 a=3219.54 e=0.371417 ktype1=14 ktype2=14
status: DE/E=7.96132e-09 DE=-1.07494e-13 DL/L=4.44917e-10 DL=1.13105e-13 DE_GW/E=1.02167e-18 DE_GW=-1.37947e-23 v_esc_cluster[km/s]=9.10037 tcpu=0
outcome: nstar=3 nobj=2:  0 [1 2] (single-binary)
output: type=single m=0.121997 R=0.140585 Eint=0 id=19326 ktype=0
output: type=binary m0=27.7207 m1=19.2369 R0=0.000587679 R1=0.000407822 Eint1=0 Eint2=0 id0=13077 id1=100017 a=3197.3 e=0.374175 ktype1=14 ktype2=14
********************************************************************************
type=BS t=0.000286811059
params: b=1.43987 v=0.0495692
input: type=single m=0.143999 R=0.16607 Eint=0 id=35175 ktype=0
input: type=binary m0=33.8213 m1=32.929 R0=13.2499 R1=12.4384 Eint1=0 Eint2=0 id0=29344 id1=100042 a=995.008 e=0.480171 ktype1=1 ktype2=1
status: DE/E=3.74911e-08 DE=-3.46661e-13 DL/L=1.03172e-09 DL=1.80568e-13 DE_GW/E=-0 DE_GW=0 v_esc_cluster[km/s]=9.09261 tcpu=0
outcome: nstar=3 nobj=2:  0 [1 2] (single-binary)
output: type=single m=0.143999 R=0.16607 Eint=0 id=35175 ktype=0
output: type=binary m0=33.8213 m1=32.929 R0=13.2499 R1=12.4384 Eint1=0 Eint2=0 id0=29344 id1=100042 a=988.963 e=0.481201 ktype1=1 ktype2=1
********************************************************************************
type=BS t=0.000286811059
params: b=1.41331 v=0.590957
input: type=single m=0.802541 R=0.74715 Eint=0 id=7108 ktype=1
input: type=binary m0=34.0117 m1=22.9838 R0=0.000721047 R1=0.000487256 Eint1=0 Eint2=0 id0=21849 id1=100031 a=4871.57 e=0.345496 ktype1=14 ktype2=14
status: DE/E=2.94344e-08 DE=-7.6735e-12 DL/L=8.44595e-11 DL=2.17464e-13 DE_GW/E=3.64091e-18 DE_GW=-9.4918e-22 v_esc_cluster[km/s]=8.91988 tcpu=0
outcome: nstar=3 nobj=2:  0 [1 2] (single-binary)
output: type=single m=0.802541 R=0.74715 Eint=0 id=7108 ktype=1
output: type=binary m0=34.0117 m1=22.9838 R0=0.000721047 R1=0.000487256 Eint1=0 Eint2=0 id0=21849 id1=100031 a=4868.69 e=0.3449 ktype1=14 ktype2=14
********************************************************************************
type=BS t=0.000314165248
params: b=1.36391 v=0.666545
input: type=single m=0.613414 R=0.555565 Eint=0 id=54652 ktype=0
input: type=binary m0=34.6785 m1=30.1274 R0=0.000735184 R1=0.000638701 Eint1=0 Eint2=0 id0=34276 id1=100050 a=5099.03 e=0.150419 ktype1=14 ktype2=14
status: DE/E=2.4394e-08 DE=-2.39557e-12 DL/L=2.18114e-09 DL=4.02628e-12 DE_GW/E=2.68811e-18 DE_GW=-2.63981e-22 v_esc_cluster[km/s]=9.6959 tcpu=0
outcome: nstar=3 nobj=2:  0 [1 2] (single-binary)
output: type=single m=0.613414 R=0.555565 Eint=0 id=54652 ktype=0
output: type=binary m0=34.6785 m1=30.1274 R0=0.000735184 R1=0.000638701 Eint1=0 Eint2=0 id0=34276 id1=100050 a=5082.75 e=0.149624 ktype1=14 ktype2=14
********************************************************************************
type=BS t=0.000314165248
params: b=1.86927 v=0.332384
input: type=single m=0.3532 R=0.331879 Eint=0 id=9003 ktype=0
input: type=binary m0=15.731 m1=14.4646 R0=4.93239 R1=4.5668 Eint1=0 Eint2=0 id0=14532 id1=100022 a=1710.09 e=0.716864 ktype1=1 ktype2=1
status: DE/E=4.1416e-08 DE=-9.86674e-12 DL/L=3.32071e-10 DL=6.46759e-13 DE_GW/E=-0 DE_GW=0 v_esc_cluster[km/s]=9.51259 tcpu=0
outcome: nstar=3 nobj=2:  0 [1 2] (single-binary)
output: type=single m=0.3532 R=0.331879 Eint=0 id=9003 ktype=0
output: type=binary m0=15.731 m1=14.4646 R0=4.93239 R1=4.5668 Eint1=0 Eint2=0 id0=14532 id1=100022 a=1698.8 e=0.719811 ktype1=1 ktype2=1
********************************************************************************
type=BS t=0.000314165248
params: b=2.53225 v=0.104025
input: type=single m=0.176745 R=0.199024 Eint=0 id=42901 ktype=0
input: type=binary m0=21.5822 m1=19.7375 R0=6.90521 R1=6.21766 Eint1=0 Eint2=0 id0=20796 id1=100030 a=1002 e=0.805856 ktype1=1 ktype2=1
status: DE/E=1.38323e-07 DE=-4.97439e-12 DL/L=1.7194e-09 DL=5.63852e-13 DE_GW/E=-0 DE_GW=0 v_esc_cluster[km/s]=9.29608 tcpu=0.01
outcome: nstar=3 nobj=2:  0 [1 2] (single-binary)
output: type=single m=0.176745 R=0.199024 Eint=0 id=42901 ktype=0
output: type=binary m0=21.5822 m1=19.7375 R0=6.90521 R1=6.21766 Eint1=0 Eint2=0 id0=20796 id1=100030 a=1000.75 e=0.808469 ktype1=1 ktype2=1
********************************************************************************
type=BS t=0.000314165248
params: b=2.50882 v=0.0830977
input: type=single m=0.128545 R=0.148496 Eint=0 id=12508 ktype=0
input: type=binary m0=34.0117 m1=22.9838 R0=0.000721047 R1=0.000487256 Eint1=0 Eint2=0 id0=21849 id1=100031 a=4868.69 e=0.3449 ktype1=14 ktype2=14
status: DE/E=6.87529e-09 DE=-7.18387e-14 DL/L=9.69938e-10 DL=1.94105e-13 DE_GW/E=5.92922e-19 DE_GW=-6.19533e-24 v_esc_cluster[km/s]=9.04365 tcpu=0
outcome: nstar=3 nobj=2:  0 [1 2] (single-binary)
output: type=single m=0.128545 R=0.148496 Eint=0 id=12508 ktype=0
output: type=binary m0=34.0117 m1=22.9838 R0=0.000721047 R1=0.000487256 Eint1=0 Eint2=0 id0=21849 id1=100031 a=4867.67 e=0.345007 ktype1=14 ktype2=14
********************************************************************************
type=BS t=0.000314165248
params: b=4.19542 v=0.081796
input: type=single m=0.66167 R=0.606024 Eint=0 id=54175 ktype=1
input: type=binary m0=21.9224 m1=18.4316 R0=0.000464755 R1=0.000390749 Eint1=0 Eint2=0 id0=26478 id1=100037 a=182.175 e=0.249377 ktype1=14 ktype2=14
status: DE/E=5.31119e-08 DE=-2.76664e-11 DL/L=1.81904e-09 DL=7.67756e-12 DE_GW/E=7.54306e-15 DE_GW=-3.92923e-18 v_esc_cluster[km/s]=8.39773 tcpu=0.01
outcome: nstar=3 nobj=2:  0 [1 2] (single-binary)
output: type=single m=0.66167 R=0.606024 Eint=0 id=54175 ktype=1
output: type=binary m0=21.9224 m1=18.4316 R0=0.000464755 R1=0.000390749 Eint1=0 Eint2=0 id0=26478 id1=100037 a=174.395 e=0.243447 ktype1=14 ktype2=14
********************************************************************************
type=BS t=0.000364845806
params: b=1.99147 v=0.182736
input: type=single m=0.214425 R=0.231669 Eint=0 id=829 ktype=0
input: type=binary m0=34.0117 m1=22.9838 R0=0.000721047 R1=0.000487256 Eint1=0 Eint2=0 id0=21849 id1=100031 a=4867.67 e=0.345007 ktype1=14 ktype2=14
status: DE/E=2.14797e-08 DE=-6.06021e-13 DL/L=1.19417e-10 DL=5.26579e-14 DE_GW/E=9.32356e-19 DE_GW=-2.63051e-23 v_esc_cluster[km/s]=9.86274 tcpu=0
outcome: nstar=3 nobj=2:  0 [1 2] (single-binary)
output: type=single m=0.214425 R=0.231669 Eint=0 id=829 ktype=0
output: type=binary m0=34.0117 m1=22.9838 R0=0.000721047 R1=0.000487256 Eint1=0 Eint2=0 id0=21849 id1=100031 a=4857.24 e=0.347985 ktype1=14 ktype2=14
********************************************************************************
type=BS t=0.000364845806
params: b=2.05798 v=0.152751
input: type=single m=0.223616 R=0.23902 Eint=0 id=181 ktype=0
input: type=binary m0=30.245 m1=19.8691 R0=0.000641193 R1=0.000421226 Eint1=0 Eint2=0 id0=31699 id1=100043 a=1393.7 e=0.0761866 ktype1=14 ktype2=14
status: DE/E=2.18109e-08 DE=-8.78413e-13 DL/L=9.19655e-09 DL=5.57109e-12 DE_GW/E=1.25568e-17 DE_GW=-5.05714e-22 v_esc_cluster[km/s]=9.80892 tcpu=0.01
outcome: nstar=3 nobj=2:  0 [1 2] (single-binary)
output: type=single m=0.223616 R=0.23902 Eint=0 id=181 ktype=0
output: type=binary m0=30.245 m1=19.8691 R0=0.000641193 R1=0.000421226 Eint1=0 Eint2=0 id0=31699 id1=100043 a=1395 e=0.0745172 ktype1=14 ktype2=14
********************************************************************************
type=BS t=0.000364845806
params: b=2.14069 v=0.091375
input: type=single m=0.237254 R=0.249592 Eint=0 id=5817 ktype=0
input: type=binary m0=32.745 m1=32.4591 R0=435.251 R1=150.557 Eint1=0 Eint2=0 id0=29344 id1=100042 a=1012.42 e=0.481201 ktype1=4 ktype2=4
status: DE/E=5.25722e-08 DE=-1.37049e-12 DL/L=2.22779e-09 DL=8.60116e-13 DE_GW/E=-0 DE_GW=0 v_esc_cluster[km/s]=9.65922 tcpu=0.01
outcome: nstar=3 nobj=2:  0 [1 2] (single-binary)
output: type=single m=0.237254 R=0.249592 Eint=0 id=5817 ktype=0
output: type=binary m0=32.745 m1=32.4591 R0=435.251 R1=150.557 Eint1=0 Eint2=0 id0=29344 id1=100042 a=1013.49 e=0.480407 ktype1=4 ktype2=4
********************************************************************************
type=BS t=0.000364845806
params: b=2.80217 v=0.192625
input: type=single m=0.524191 R=0.467635 Eint=0 id=4911 ktype=0
input: type=binary m0=15.7282 m1=14.463 R0=5.05653 R1=4.66215 Eint1=0 Eint2=0 id0=14532 id1=100022 a=1699.04 e=0.719811 ktype1=1 ktype2=1
status: DE/E=9.27579e-08 DE=-5.21181e-11 DL/L=1.56813e-09 DL=4.52551e-12 DE_GW/E=-0 DE_GW=0 v_esc_cluster[km/s]=9.45191 tcpu=0.01
outcome: nstar=3 nobj=2:  0 [1 2] (single-binary)
output: type=single m=0.524191 R=0.467635 Eint=0 id=4911 ktype=0
output: type=binary m0=15.7282 m1=14.463 R0=5.05653 R1=4.66215 Eint1=0 Eint2=0 id0=14532 id1=100022 a=1717.63 e=0.703326 ktype1=1 ktype2=1
********************************************************************************
type=BS t=0.000364845806
params: b=1.64676 v=0.230912
input: type=single m=0.257379 R=0.264604 Eint=0 id=5643 ktype=0
input: type=binary m0=34.6785 m1=30.1274 R0=0.000735184 R1=0.000638701 Eint1=0 Eint2=0 id0=34276 id1=100050 a=5082.75 e=0.149624 ktype1=14 ktype2=14
status: DE/E=1.19311e-08 DE=-3.55251e-13 DL/L=5.47586e-09 DL=2.67842e-12 DE_GW/E=1.5593e-18 DE_GW=-4.64284e-23 v_esc_cluster[km/s]=9.24861 tcpu=0.01
outcome: nstar=3 nobj=2:  0 [1 2] (single-binary)
output: type=single m=0.257379 R=0.264604 Eint=0 id=5643 ktype=0
output: type=binary m0=34.6785 m1=30.1274 R0=0.000735184 R1=0.000638701 Eint1=0 Eint2=0 id0=34276 id1=100050 a=5084.16 e=0.149768 ktype1=14 ktype2=14
********************************************************************************
type=BS t=0.000364845806
params: b=1.63749 v=1.70694
input: type=single m=3.76533 R=1.73723 Eint=0 id=25439 ktype=1
input: type=binary m0=27.7207 m1=19.2369 R0=0.000587679 R1=0.000407822 Eint1=0 Eint2=0 id0=13077 id1=100017 a=3197.3 e=0.374175 ktype1=14 ktype2=14
status: DE/E=2.63808e-07 DE=5.75161e-09 DL/L=1.57375e-10 DL=1.37881e-11 DE_GW/E=-8.95195e-19 DE_GW=-1.95173e-20 v_esc_cluster[km/s]=9.11569 tcpu=0
outcome: nstar=3 nobj=2:  0 [1 2] (single-binary)
output: type=single m=3.76533 R=1.73723 Eint=0 id=25439 ktype=1
output: type=binary m0=27.7207 m1=19.2369 R0=0.000587679 R1=0.000407822 Eint1=0 Eint2=0 id0=13077 id1=100017 a=3152.09 e=0.371049 ktype1=14 ktype2=14
********************************************************************************
type=BS t=0.000364845806
params: b=4.46534 v=0.0968603
input: type=single m=0.375952 R=0.347961 Eint=0 id=49945 ktype=0
input: type=binary m0=16.6588 m1=14.7816 R0=5.36172 R1=4.75941 Eint1=0 Eint2=0 id0=58423 id1=100086 a=264.735 e=0.4494 ktype1=1 ktype2=1
status: DE/E=6.05872e-08 DE=-1.68203e-11 DL/L=1.77044e-09 DL=3.67411e-12 DE_GW/E=-0 DE_GW=0 v_esc_cluster[km/s]=9.11357 tcpu=0.01
outcome: nstar=3 nobj=2:  0 [1 2] (single-binary)
output: type=single m=0.375952 R=0.347961 Eint=0 id=49945 ktype=0
output: type=binary m0=16.6588 m1=14.7816 R0=5.36172 R1=4.75941 Eint1=0 Eint2=0 id0=58423 id1=100086 a=264.885 e=0.449938 ktype1=1 ktype2=1
********************************************************************************
type=BS t=0.000364845806
params: b=2.31491 v=0.144841
input: type=single m=0.129239 R=0.149317 Eint=0 id=89755 ktype=0
input: type=binary m0=26.4368 m1=20.0503 R0=10.4706 R1=6.62592 Eint1=0 Eint2=0 id0=52701 id1=100073 a=1716.21 e=0.156645 ktype1=1 ktype2=1
status: DE/E=1.3754e-08 DE=-2.10977e-13 DL/L=5.31003e-09 DL=1.58472e-12 DE_GW/E=-0 DE_GW=0 v_esc_cluster[km/s]=8.69139 tcpu=0.01
outcome: nstar=3 nobj=2:  0 [1 2] (single-binary)
output: type=single m=0.129239 R=0.149317 Eint=0 id=89755 ktype=0
output: type=binary m0=26.4368 m1=20.0503 R0=10.4706 R1=6.62592 Eint1=0 Eint2=0 id0=52701 id1=100073 a=1714.95 e=0.156688 ktype1=1 ktype2=1
********************************************************************************
type=BS t=0.000405390253
params: b=1.44564 v=0.136136
input: type=single m=0.117806 R=0.135369 Eint=0 id=6008 ktype=0
input: type=binary m0=15.7225 m1=14.4598 R0=5.31787 R1=4.85817 Eint1=0 Eint2=0 id0=14532 id1=100022 a=1718.14 e=0.703326 ktype1=1 ktype2=1
status: DE/E=1.11175e-07 DE=-3.30459e-12 DL/L=1.85204e-09 DL=6.32863e-13 DE_GW/E=-0 DE_GW=0 v_esc_cluster[km/s]=9.38706 tcpu=0.01
outcome: nstar=3 nobj=2:  0 [1 2] (single-binary)
output: type=single m=0.117806 R=0.135369 Eint=0 id=6008 ktype=0
output: type=binary m0=15.7225 m1=14.4598 R0=5.31787 R1=4.85817 Eint1=0 Eint2=0 id0=14532 id1=100022 a=1720.69 e=0.704966 ktype1=1 ktype2=1
********************************************************************************
type=BS t=0.000405390253
params: b=0.272569 v=0.171938
input: type=single m=0.325736 R=0.312774 Eint=0 id=4547 ktype=0
input: type=binary m0=21.5142 m1=19.6989 R0=8.3207 R1=7.13827 Eint1=0 Eint2=0 id0=20796 id1=100030 a=1003.34 e=0.808469 ktype1=1 ktype2=1
status: DE/E=6.40663e-08 DE=-7.66114e-12 DL/L=1.01709e-09 DL=8.26327e-13 DE_GW/E=-0 DE_GW=0 v_esc_cluster[km/s]=9.3376 tcpu=0.01
outcome: nstar=3 nobj=2:  0 [1 2] (single-binary)
output: type=single m=0.325736 R=0.312774 Eint=0 id=4547 ktype=0
output: type=binary m0=21.5142 m1=19.6989 R0=8.3207 R1=7.13827 Eint1=0 Eint2=0 id0=20796 id1=100030 a=993.418 e=0.808938 ktype1=1 ktype2=1
********************************************************************************
type=BS t=0.000405390253
params: b=1.68791 v=0.634163
input: type=single m=0.906775 R=0.841499 Eint=0 id=94650 ktype=1
input: type=binary m0=27.7207 m1=19.2369 R0=0.000587679 R1=0.000407822 Eint1=0 Eint2=0 id0=13077 id1=100017 a=3152.09 e=0.371049 ktype1=14 ktype2=14
status: DE/E=4.20049e-08 DE=-1.86338e-11 DL/L=7.41567e-11 DL=4.24439e-13 DE_GW/E=1.28995e-17 DE_GW=-5.72235e-21 v_esc_cluster[km/s]=9.16314 tcpu=0
outcome: nstar=3 nobj=2:  0 [1 2] (single-binary)
output: type=single m=0.906775 R=0.841499 Eint=0 id=94650 ktype=1
output: type=binary m0=27.7207 m1=19.2369 R0=0.000587679 R1=0.000407822 Eint1=0 Eint2=0 id0=13077 id1=100017 a=3172.18 e=0.35921 ktype1=14 ktype2=14
********************************************************************************
type=BS t=0.000405390253
params: b=2.39171 v=0.158539
input: type=single m=0.333843 R=0.318395 Eint=0 id=14897 ktype=0
input: type=binary m0=34.0117 m1=22.9838 R0=0.000721047 R1=0.000487256 Eint1=0 Eint2=0 id0=21849 id1=100031 a=4857.24 e=0.347985 ktype1=14 ktype2=14
status: DE/E=2.51449e-08 DE=-1.72714e-12 DL/L=9.90909e-11 DL=8.42066e-14 DE_GW/E=1.4334e-18 DE_GW=-9.84561e-23 v_esc_cluster[km/s]=8.6298 tcpu=0
outcome: nstar=3 nobj=2:  0 [1 2] (single-binary)
output: type=single m=0.333843 R=0.318395 Eint=0 id=14897 ktype=0
output: type=binary m0=34.0117 m1=22.9838 R0=0.000721047 R1=0.000487256 Eint1=0 Eint2=0 id0=21849 id1=100031 a=4846.72 e=0.352923 ktype1=14 ktype2=14
********************************************************************************
type=BS t=0.000405390253
params: b=1.52392 v=0.203522
input: type=single m=0.224041 R=0.239354 Eint=0 id=82223 ktype=0
input: type=binary m0=34.6785 m1=30.1274 R0=0.000735184 R1=0.000638701 Eint1=0 Eint2=0 id0=34276 id1=100050 a=5084.16 e=0.149768 ktype1=14 ktype2=14
status: DE/E=-6.56895e-09 DE=1.5022e-13 DL/L=4.64252e-09 DL=1.86179e-12 DE_GW/E=7.52052e-19 DE_GW=-1.71981e-23 v_esc_cluster[km/s]=8.30395 tcpu=0.01
outcome: nstar=3 nobj=2:  0 [1 2] (single-binary)
output: type=single m=0.224041 R=0.239354 Eint=0 id=82223 ktype=0
output: type=binary m0=34.6785 m1=30.1274 R0=0.000735184 R1=0.000638701 Eint1=0 Eint2=0 id0=34276 id1=100050 a=5081.74 e=0.149541 ktype1=14 ktype2=14
********************************************************************************
type=BS t=0.000405390253
params: b=1.94644 v=0.201994
input: type=single m=0.118055 R=0.135683 Eint=0 id=93475 ktype=0
input: type=binary m0=19.4579 m1=16.0393 R0=7.00392 R1=5.4399 Eint1=0 Eint2=0 id0=20165 id1=100029 a=1878.43 e=0.51983 ktype1=1 ktype2=1
status: DE/E=3.52835e-08 DE=-7.50682e-13 DL/L=1.17008e-09 DL=3.69252e-13 DE_GW/E=0 DE_GW=0 v_esc_cluster[km/s]=7.54242 tcpu=0.01
outcome: nstar=3 nobj=2:  0 [1 2] (single-binary)
output: type=single m=0.118055 R=0.135683 Eint=0 id=93475 ktype=0
output: type=binary m0=19.4579 m1=16.0393 R0=7.00392 R1=5.4399 Eint1=0 Eint2=0 id0=20165 id1=100029 a=1877.26 e=0.521007 ktype1=1 ktype2=1
********************************************************************************
type=BS t=0.000476281821
params: b=1.55452 v=0.142662
input: type=single m=0.237125 R=0.249494 Eint=0 id=23294 ktype=0
input: type=binary m0=32.2692 m1=24.2754 R0=0.000684107 R1=0.000514638 Eint1=0 Eint2=0 id0=10974 id1=100013 a=691.197 e=0.012058 ktype1=14 ktype2=14
status: DE/E=4.54506e-08 DE=-1.58468e-12 DL/L=1.29999e-08 DL=7.02827e-12 DE_GW/E=1.0274e-16 DE_GW=-3.58215e-21 v_esc_cluster[km/s]=9.42025 tcpu=0
outcome: nstar=3 nobj=2:  0 [1 2] (single-binary)
output: type=single m=0.237125 R=0.249494 Eint=0 id=23294 ktype=0
output: type=binary m0=32.2692 m1=24.2754 R0=0.000684107 R1=0.000514638 Eint1=0 Eint2=0 id0=10974 id1=100013 a=688.848 e=0.0184537 ktype1=14 ktype2=14
********************************************************************************
type=BS t=0.000476281821
params: b=2.02424 v=0.180696
input: type=single m=0.243692 R=0.254463 Eint=0 id=15441 ktype=0
input: type=binary m0=21.4709 m1=19.674 R0=9.68594 R1=7.87451 Eint1=0 Eint2=0 id0=20796 id1=100030 a=995.065 e=0.808938 ktype1=1 ktype2=1
status: DE/E=6.10107e-08 DE=-4.09986e-12 DL/L=8.13536e-10 DL=4.25779e-13 DE_GW/E=-0 DE_GW=0 v_esc_cluster[km/s]=9.37619 tcpu=0.01
outcome: nstar=3 nobj=2:  0 [1 2] (single-binary)
output: type=single m=0.243692 R=0.254463 Eint=0 id=15441 ktype=0
output: type=binary m0=21.4709 m1=19.674 R0=9.68594 R1=7.87451 Eint1=0 Eint2=0 id0=20796 id1=100030 a=992.558 e=0.810754 ktype1=1 ktype2=1
********************************************************************************
type=BS t=0.000476281821
params: b=1.39113 v=0.409608
input: type=single m=0.619579 R=0.561963 Eint=0 id=18063 ktype=0
input: type=binary m0=15.7173 m1=14.457 R0=5.56395 R1=5.0368 Eint1=0 Eint2=0 id0=14532 id1=100022 a=1721.14 e=0.704966 ktype1=1 ktype2=1
status: DE/E=2.69244e-08 DE=-1.81734e-11 DL/L=1.62229e-10 DL=5.45995e-13 DE_GW/E=-0 DE_GW=0 v_esc_cluster[km/s]=9.32554 tcpu=0
outcome: nstar=3 nobj=2:  0 [1 2] (single-binary)
output: type=single m=0.619579 R=0.561963 Eint=0 id=18063 ktype=0
output: type=binary m0=15.7173 m1=14.457 R0=5.56395 R1=5.0368 Eint1=0 Eint2=0 id0=14532 id1=100022 a=1723.49 e=0.705422 ktype1=1 ktype2=1
********************************************************************************
type=BS t=0.000476281821
params: b=0.521375 v=0.146583
input: type=single m=0.583585 R=0.525078 Eint=0 id=16439 ktype=0
input: type=binary m0=18.5498 m1=11.2487 R0=7.06558 R1=3.90679 Eint1=0 Eint2=0 id0=4512 id1=100005 a=151.272 e=0.443491 ktype1=1 ktype2=1
status: DE/E=3.10326e-09 DE=-2.38383e-12 DL/L=2.1986e-09 DL=1.09787e-11 DE_GW/E=-0 DE_GW=0 v_esc_cluster[km/s]=9.319 tcpu=0.02
outcome: nstar=3 nobj=2:  0 [1 2] (single-binary)
output: type=single m=0.583585 R=0.525078 Eint=0 id=16439 ktype=0
output: type=binary m0=18.5498 m1=11.2487 R0=7.06558 R1=3.90679 Eint1=0 Eint2=0 id0=4512 id1=100005 a=152.51 e=0.349496 ktype1=1 ktype2=1
********************************************************************************
type=BS t=0.000476281821
params: b=1.27946 v=5.45491
input: type=single m=0.693935 R=0.639754 Eint=0 id=8514 ktype=1
input: type=binary m0=0.372196 m1=0.0773239 R0=0.345283 R1=0.154753 Eint1=0 Eint2=0 id0=9851 id1=100608 a=71.3087 e=0.250075 ktype1=0 ktype2=0
status: DE/E=1.16804e-07 DE=4.3428e-06 DL/L=2.42142e-09 DL=4.65345e-08 DE_GW/E=0 DE_GW=0 v_esc_cluster[km/s]=9.31331 tcpu=0.02
outcome: nstar=3 nobj=2:  0 [1 2] (single-binary)
output: type=single m=0.693935 R=0.639754 Eint=0 id=8514 ktype=1
output: type=binary m0=0.372196 m1=0.0773239 R0=0.345283 R1=0.154753 Eint1=0 Eint2=0 id0=9851 id1=100608 a=38.6241 e=0.773367 ktype1=0 ktype2=0
********************************************************************************
type=BS t=0.000476281821
params: b=1.81467 v=1.57074
input: type=single m=0.103721 R=0.140321 Eint=0 id=4779 ktype=0
input: type=binary m0=0.269027 m1=0.204507 R0=0.273045 R1=0.2235 Eint1=0 Eint2=0 id0=39887 id1=102127 a=71.5319 e=0.77152 ktype1=0 ktype2=0
status: DE/E=-2.85546e-07 DE=-2.75641e-08 DL/L=3.29244e-10 DL=1.09597e-10 DE_GW/E=0 DE_GW=0 v_esc_cluster[km/s]=9.29578 tcpu=0.01
outcome: nstar=3 nobj=2:  0 [1 2] (single-binary)
output: type=single m=0.103721 R=0.140321 Eint=0 id=4779 ktype=0
output: type=binary m0=0.269027 m1=0.204507 R0=0.273045 R1=0.2235 Eint1=0 Eint2=0 id0=39887 id1=102127 a=75.6849 e=0.783337 ktype1=0 ktype2=0
********************************************************************************
type=BS t=0.000476281821
params: b=5.51982 v=0.0604699
input: type=single m=0.291905 R=0.289256 Eint=0 id=10537 ktype=0
input: type=binary m0=21.0328 m1=13.4658 R0=9.16192 R1=4.66073 Eint1=0 Eint2=0 id0=9447 id1=100009 a=403.06 e=0.0214398 ktype1=1 ktype2=1
status: DE/E=8.76159e-08 DE=-1.29122e-11 DL/L=3.21595e-08 DL=5.19647e-11 DE_GW/E=-0 DE_GW=0 v_esc_cluster[km/s]=9.13582 tcpu=0
outcome: nstar=3 nobj=2:  0 [1 2] (single-binary)
output: type=single m=0.291905 R=0.289256 Eint=0 id=10537 ktype=0
output: type=binary m0=21.0328 m1=13.4658 R0=9.16192 R1=4.66073 Eint1=0 Eint2=0 id0=9447 id1=100009 a=402.801 e=0.0143889 ktype1=1 ktype2=1
********************************************************************************
type=BS t=0.000476281821
params: b=1.81965 v=0.226323
input: type=single m=0.284038 R=0.283726 Eint=0 id=33684 ktype=0
input: type=binary m0=30.245 m1=19.8691 R0=0.000641193 R1=0.000421226 Eint1=0 Eint2=0 id0=31699 id1=100043 a=1395 e=0.0745172 ktype1=14 ktype2=14
status: DE/E=3.59661e-08 DE=-2.26485e-12 DL/L=8.26106e-09 DL=7.34448e-12 DE_GW/E=1.59094e-17 DE_GW=-1.00185e-21 v_esc_cluster[km/s]=8.96781 tcpu=0.01
outcome: nstar=3 nobj=2:  0 [1 2] (single-binary)
output: type=single m=0.284038 R=0.283726 Eint=0 id=33684 ktype=0
output: type=binary m0=30.245 m1=19.8691 R0=0.000641193 R1=0.000421226 Eint1=0 Eint2=0 id0=31699 id1=100043 a=1385.9 e=0.0747336 ktype1=14 ktype2=14
********************************************************************************
type=BS t=0.000476281821
params: b=2.01492 v=0.733204
input: type=single m=1.59118 R=1.11101 Eint=0 id=42465 ktype=1
input: type=binary m0=24.9292 m1=19.9934 R0=1705.85 R1=8.14044 Eint1=0 Eint2=0 id0=52701 id1=100073 a=1774.75 e=0.156687 ktype1=4 ktype2=1
status: DE/E=1.0519e-07 DE=-1.15234e-10 DL/L=4.25097e-09 DL=7.32915e-11 DE_GW/E=-0 DE_GW=0 v_esc_cluster[km/s]=8.80647 tcpu=0
outcome: nstar=3 nobj=2:  0 [1 2] (single-binary)
output: type=single m=1.59118 R=1.11101 Eint=0 id=42465 ktype=1
output: type=binary m0=24.9292 m1=19.9934 R0=1705.85 R1=8.14044 Eint1=0 Eint2=0 id0=52701 id1=100073 a=1802.17 e=0.142194 ktype1=4 ktype2=1
********************************************************************************
type=BB t=0.000476281821
params: b=1.91149 v=0.27698
input: type=binary m0=0.227754 m1=0.132127 R0=0.242267 R1=0.152702 Eint1=0 Eint2=0 id0=49395 id1=102594 a=4.65821 e=0.359925 ktype1=0 ktype2=0
input: type=binary m0=27.7207 m1=19.2369 R0=0.000587679 R1=0.000407822 Eint1=0 Eint2=0 id0=13077 id1=100017 a=3172.18 e=0.35921 ktype1=14 ktype2=14
status: DE/E=1.79864e-08 DE=-1.90977e-12 DL/L=4.1168e-10 DL=5.13428e-13 DE_GW/E=2.71661e-14 DE_GW=-2.88447e-18 v_esc_cluster[km/s]=8.55627 tcpu=0
outcome: nstar=4 nobj=2:  [0 1] [2 3] (binary-binary)
output: type=binary m0=0.227754 m1=0.132127 R0=0.242267 R1=0.152702 Eint1=0 Eint2=0 id0=49395 id1=102594 a=4.65821 e=0.359925 ktype1=0 ktype2=0
output: type=binary m0=27.7207 m1=19.2369 R0=0.000587679 R1=0.000407822 Eint1=0 Eint2=0 id0=13077 id1=100017 a=3183.46 e=0.359383 ktype1=14 ktype2=14
********************************************************************************
type=BS t=0.000476281821
params: b=3.13341 v=0.0765141
input: type=single m=0.136895 R=0.158175 Eint=0 id=28617 ktype=0
input: type=binary m0=34.0117 m1=22.9838 R0=0.000721047 R1=0.000487256 Eint1=0 Eint2=0 id0=21849 id1=100031 a=4846.72 e=0.352923 ktype1=14 ktype2=14
status: DE/E=2.62901e-08 DE=-3.11785e-13 DL/L=1.242e-09 DL=2.76069e-13 DE_GW/E=1.02103e-18 DE_GW=-1.21088e-23 v_esc_cluster[km/s]=8.5441 tcpu=0.01
outcome: nstar=3 nobj=2:  0 [1 2] (single-binary)
output: type=single m=0.136895 R=0.158175 Eint=0 id=28617 ktype=0
output: type=binary m0=34.0117 m1=22.9838 R0=0.000721047 R1=0.000487256 Eint1=0 Eint2=0 id0=21849 id1=100031 a=4845.97 e=0.353387 ktype1=14 ktype2=14
********************************************************************************
type=BS t=0.000476281821
params: b=3.30125 v=1.0669
input: type=single m=1.29583 R=1.09261 Eint=0 id=25799 ktype=1
input: type=binary m0=0.495754 m1=0.493717 R0=0.442082 R1=0.440303 Eint1=0 Eint2=0 id0=19179 id1=101079 a=54.3073 e=0.621533 ktype1=0 ktype2=0
status: DE/E=3.08925e-06 DE=2.74691e-07 DL/L=8.54766e-11 DL=3.89963e-10 DE_GW/E=0 DE_GW=0 v_esc_cluster[km/s]=8.539 tcpu=0.02
outcome: nstar=3 nobj=2:  0 [1 2] (single-binary)
output: type=single m=1.29583 R=1.09261 Eint=0 id=25799 ktype=1
output: type=binary m0=0.495754 m1=0.493717 R0=0.442082 R1=0.440303 Eint1=0 Eint2=0 id0=19179 id1=101079 a=88.5154 e=0.737237 ktype1=0 ktype2=0
********************************************************************************
type=BS t=0.000476281821
params: b=2.20293 v=0.247954
input: type=single m=0.496469 R=0.442708 Eint=0 id=65913 ktype=0
input: type=binary m0=34.6785 m1=30.1274 R0=0.000735184 R1=0.000638701 Eint1=0 Eint2=0 id0=34276 id1=100050 a=5081.74 e=0.149541 ktype1=14 ktype2=14
status: DE/E=2.8155e-08 DE=-3.06973e-12 DL/L=6.49381e-09 DL=7.72799e-12 DE_GW/E=1.07684e-18 DE_GW=-1.17407e-22 v_esc_cluster[km/s]=8.2584 tcpu=0
outcome: nstar=3 nobj=2:  0 [1 2] (single-binary)
output: type=single m=0.496469 R=0.442708 Eint=0 id=65913 ktype=0
output: type=binary m0=34.6785 m1=30.1274 R0=0.000735184 R1=0.000638701 Eint1=0 Eint2=0 id0=34276 id1=100050 a=5082.59 e=0.150014 ktype1=14 ktype2=14
********************************************************************************
type=BS t=0.000583840464
params: b=3.93377 v=0.0623276
input: type=single m=0.111358 R=0.137037 Eint=0 id=6933 ktype=0
input: type=binary m0=19.4698 m1=15.3987 R0=10.0504 R1=5.92665 Eint1=0 Eint2=0 id0=9389 id1=100008 a=175.715 e=0.00707734 ktype1=1 ktype2=1
status: DE/E=5.64564e-08 DE=-1.15563e-12 DL/L=2.03912e-08 DL=7.37693e-12 DE_GW/E=-0 DE_GW=0 v_esc_cluster[km/s]=9.28132 tcpu=0
outcome: nstar=3 nobj=2:  0 [1 2] (single-binary)
output: type=single m=0.111358 R=0.137037 Eint=0 id=6933 ktype=0
output: type=binary m0=19.4698 m1=15.3987 R0=10.0504 R1=5.92665 Eint1=0 Eint2=0 id0=9389 id1=100008 a=175.686 e=0.00628884 ktype1=1 ktype2=1
********************************************************************************
type=BS t=0.000583840464
params: b=4.01454 v=0.146204
input: type=single m=0.617109 R=0.5594 Eint=0 id=417 ktype=0
input: type=binary m0=16.7688 m1=17.3967 R0=0.000355498 R1=0.00036881 Eint1=0 Eint2=0 id0=23071 id1=100033 a=768.184 e=0.323919 ktype1=14 ktype2=14
status: DE/E=-6.45122e-08 DE=3.97588e-11 DL/L=4.08387e-10 DL=1.91218e-12 DE_GW/E=7.49407e-17 DE_GW=-4.61859e-20 v_esc_cluster[km/s]=9.10624 tcpu=0.01
outcome: nstar=3 nobj=2:  0 [1 2] (single-binary)
output: type=single m=0.617109 R=0.5594 Eint=0 id=417 ktype=0
output: type=binary m0=16.7688 m1=17.3967 R0=0.000355498 R1=0.00036881 Eint1=0 Eint2=0 id0=23071 id1=100033 a=765.849 e=0.322739 ktype1=14 ktype2=14
********************************************************************************
type=BS t=0.000583840464
params: b=2.00035 v=0.122703
input: type=single m=0.138467 R=0.159948 Eint=0 id=11365 ktype=0
input: type=binary m0=21.3781 m1=19.6237 R0=45.2694 R1=10.3503 Eint1=0 Eint2=0 id0=20796 id1=100030 a=996.02 e=0.810754 ktype1=4 ktype2=1
status: DE/E=9.14528e-08 DE=-2.04452e-12 DL/L=2.5889e-10 DL=5.64317e-14 DE_GW/E=-0 DE_GW=0 v_esc_cluster[km/s]=8.95781 tcpu=0.01
outcome: nstar=3 nobj=2:  0 [1 2] (single-binary)
output: type=single m=0.138467 R=0.159948 Eint=0 id=11365 ktype=0
output: type=binary m0=21.3781 m1=19.6237 R0=45.2694 R1=10.3503 Eint1=0 Eint2=0 id0=20796 id1=100030 a=997.353 e=0.810889 ktype1=4 ktype2=1
********************************************************************************
type=BS t=0.000583840464
params: b=1.73511 v=0.316484
input: type=single m=0.394177 R=0.361126 Eint=0 id=32427 ktype=0
input: type=binary m0=34.0117 m1=22.9838 R0=0.000721047 R1=0.000487256 Eint1=0 Eint2=0 id0=21849 id1=100031 a=4845.97 e=0.353387 ktype1=14 ktype2=14
status: DE/E=-1.90432e-08 DE=1.67966e-12 DL/L=9.0929e-10 DL=8.91843e-13 DE_GW/E=1.80092e-18 DE_GW=-1.58846e-22 v_esc_cluster[km/s]=8.91032 tcpu=0.01
outcome: nstar=3 nobj=2:  0 [1 2] (single-binary)
output: type=single m=0.394177 R=0.361126 Eint=0 id=32427 ktype=0
output: type=binary m0=34.0117 m1=22.9838 R0=0.000721047 R1=0.000487256 Eint1=0 Eint2=0 id0=21849 id1=100031 a=4841.43 e=0.350414 ktype1=14 ktype2=14
********************************************************************************
type=BS t=0.000583840464
params: b=1.35485 v=0.0993584
input: type=single m=0.141654 R=0.163498 Eint=0 id=10649 ktype=0
input: type=binary m0=15.7067 m1=14.4514 R0=6.11197 R1=5.41168 Eint1=0 Eint2=0 id0=14532 id1=100022 a=1724.42 e=0.705422 ktype1=1 ktype2=1
status: DE/E=1.32091e-07 DE=-5.727e-12 DL/L=2.04285e-09 DL=9.5056e-13 DE_GW/E=-0 DE_GW=0 v_esc_cluster[km/s]=8.8822 tcpu=0.04
outcome: nstar=3 nobj=2:  0 [1 2] (single-binary)
output: type=single m=0.141654 R=0.163498 Eint=0 id=10649 ktype=0
output: type=binary m0=15.7067 m1=14.4514 R0=6.11197 R1=5.41168 Eint1=0 Eint2=0 id0=14532 id1=100022 a=1720.04 e=0.671559 ktype1=1 ktype2=1
********************************************************************************
type=BS t=0.000583840464
params: b=0.954542 v=0.0890987
input: type=single m=0.0849208 R=0.149994 Eint=0 id=15210 ktype=0
input: type=binary m0=34.6785 m1=30.1274 R0=0.000735184 R1=0.000638701 Eint1=0 Eint2=0 id0=34276 id1=100050 a=5082.59 e=0.150014 ktype1=14 ktype2=14
status: DE/E=9.80213e-09 DE=-3.34732e-14 DL/L=5.85933e-09 DL=5.52848e-13 DE_GW/E=7.69198e-19 DE_GW=-2.62673e-24 v_esc_cluster[km/s]=8.80254 tcpu=0
outcome: nstar=3 nobj=2:  0 [1 2] (single-binary)
output: type=single m=0.0849208 R=0.149994 Eint=0 id=15210 ktype=0
output: type=binary m0=34.6785 m1=30.1274 R0=0.000735184 R1=0.000638701 Eint1=0 Eint2=0 id0=34276 id1=100050 a=5092.96 e=0.150274 ktype1=14 ktype2=14
********************************************************************************
type=BS t=0.000583840464
params: b=4.11355 v=0.0751988
input: type=single m=0.567044 R=0.508585 Eint=0 id=22004 ktype=0
input: type=binary m0=27.7207 m1=19.2369 R0=0.000587679 R1=0.000407822 Eint1=0 Eint2=0 id0=13077 id1=100017 a=3183.46 e=0.359383 ktype1=14 ktype2=14
status: DE/E=8.73136e-08 DE=-2.55539e-11 DL/L=1.23796e-09 DL=3.05452e-12 DE_GW/E=2.65812e-18 DE_GW=-7.77947e-22 v_esc_cluster[km/s]=8.7315 tcpu=0.01
outcome: nstar=3 nobj=2:  0 [1 2] (single-binary)
output: type=single m=0.567044 R=0.508585 Eint=0 id=22004 ktype=0
output: type=binary m0=27.7207 m1=19.2369 R0=0.000587679 R1=0.000407822 Eint1=0 Eint2=0 id0=13077 id1=100017 a=3172.99 e=0.350727 ktype1=14 ktype2=14
********************************************************************************
type=BS t=0.000583840464
params: b=3.19669 v=0.0958374
input: type=single m=0.226006 R=0.2409 Eint=0 id=24018 ktype=0
input: type=binary m0=30.245 m1=19.8691 R0=0.000641193 R1=0.000421226 Eint1=0 Eint2=0 id0=31699 id1=100043 a=1385.9 e=0.0747336 ktype1=14 ktype2=14
status: DE/E=2.3036e-08 DE=-9.61321e-13 DL/L=1.37822e-08 DL=8.69031e-12 DE_GW/E=2.31154e-17 DE_GW=-9.64637e-22 v_esc_cluster[km/s]=8.69164 tcpu=0
outcome: nstar=3 nobj=2:  0 [1 2] (single-binary)
output: type=single m=0.226006 R=0.2409 Eint=0 id=24018 ktype=0
output: type=binary m0=30.245 m1=19.8691 R0=0.000641193 R1=0.000421226 Eint1=0 Eint2=0 id0=31699 id1=100043 a=1381.89 e=0.079137 ktype1=14 ktype2=14
********************************************************************************
type=BS t=0.000583840464
params: b=2.732 v=0.390249
input: type=single m=0.107615 R=0.138608 Eint=0 id=80140 ktype=0
input: type=binary m0=1.10567 m1=0.756202 R0=1.01342 R1=0.702804 Eint1=0 Eint2=0 id0=21310 id1=101174 a=55.247 e=0.759257 ktype1=1 ktype2=1
status: DE/E=4.49413e-08 DE=-2.35795e-10 DL/L=8.70832e-09 DL=4.20441e-11 DE_GW/E=-0 DE_GW=0 v_esc_cluster[km/s]=7.86644 tcpu=0.02
outcome: nstar=3 nobj=2:  0 [1 2] (single-binary)
output: type=single m=0.107615 R=0.138608 Eint=0 id=80140 ktype=0
output: type=binary m0=1.10567 m1=0.756202 R0=1.01342 R1=0.702804 Eint1=0 Eint2=0 id0=21310 id1=101174 a=56.6082 e=0.773381 ktype1=1 ktype2=1
********************************************************************************
type=BS t=0.000669887379
params: b=2.71206 v=0.510747
input: type=single m=2.75694 R=1.44588 Eint=0 id=20094 ktype=1
input: type=binary m0=15.6863 m1=14.4405 R0=7.57129 R1=6.2438 Eint1=0 Eint2=0 id0=14532 id1=100022 a=1721.83 e=0.671559 ktype1=1 ktype2=1
status: DE/E=1.04178e-07 DE=-1.08434e-09 DL/L=3.08699e-10 DL=1.11753e-11 DE_GW/E=-0 DE_GW=0 v_esc_cluster[km/s]=9.00025 tcpu=0.01
outcome: nstar=3 nobj=2:  0 [1 2] (single-binary)
output: type=single m=2.75694 R=1.44588 Eint=0 id=20094 ktype=1
output: type=binary m0=15.6863 m1=14.4405 R0=7.57129 R1=6.2438 Eint1=0 Eint2=0 id0=14532 id1=100022 a=1688.95 e=0.649214 ktype1=1 ktype2=1
********************************************************************************
type=BS t=0.000669887379
params: b=1.98539 v=0.322126
input: type=single m=1.34459 R=1.09706 Eint=0 id=65874 ktype=1
input: type=binary m0=30.245 m1=19.8691 R0=0.000641193 R1=0.000421226 Eint1=0 Eint2=0 id0=31699 id1=100043 a=1381.89 e=0.079137 ktype1=14 ktype2=14
status: DE/E=1.16718e-07 DE=-1.49238e-10 DL/L=1.68026e-08 DL=1.33481e-10 DE_GW/E=2.35261e-17 DE_GW=-3.00811e-20 v_esc_cluster[km/s]=8.46853 tcpu=0.01
outcome: nstar=3 nobj=2:  0 [1 2] (single-binary)
output: type=single m=1.34459 R=1.09706 Eint=0 id=65874 ktype=1
output: type=binary m0=30.245 m1=19.8691 R0=0.000641193 R1=0.000421226 Eint1=0 Eint2=0 id0=31699 id1=100043 a=1373.4 e=0.082165 ktype1=14 ktype2=14
********************************************************************************
type=BS t=0.000669887379
params: b=8.03768 v=0.0615131
input: type=single m=0.0998622 R=0.142106 Eint=0 id=3249 ktype=0
input: type=binary m0=3.31527 m1=3.2211 R0=1.62304 R1=1.59342 Eint1=0 Eint2=0 id0=21503 id1=101182 a=26.4657 e=0.40999 ktype1=1 ktype2=1
status: DE/E=5.73619e-08 DE=-2.58855e-11 DL/L=3.32978e-09 DL=9.82187e-12 DE_GW/E=-0 DE_GW=0 v_esc_cluster[km/s]=8.4532 tcpu=0.01
outcome: nstar=3 nobj=2:  0 [1 2] (single-binary)
output: type=single m=0.0998622 R=0.142106 Eint=0 id=3249 ktype=0
output: type=binary m0=3.31527 m1=3.2211 R0=1.62304 R1=1.59342 Eint1=0 Eint2=0 id0=21503 id1=101182 a=26.4473 e=0.408933 ktype1=1 ktype2=1
********************************************************************************
type=BS t=0.000669887379
params: b=1.74683 v=0.327384
input: type=single m=0.629258 R=0.572052 Eint=0 id=20329 ktype=0
input: type=binary m0=34.0117 m1=22.9838 R0=0.000721047 R1=0.000487256 Eint1=0 Eint2=0 id0=21849 id1=100031 a=4841.43 e=0.350414 ktype1=14 ktype2=14
status: DE/E=5.66205e-08 DE=-1.2525e-11 DL/L=1.12222e-10 DL=2.18419e-13 DE_GW/E=1.83864e-18 DE_GW=-4.06727e-22 v_esc_cluster[km/s]=8.27467 tcpu=0.01
outcome: nstar=3 nobj=2:  0 [1 2] (single-binary)
output: type=single m=0.629258 R=0.572052 Eint=0 id=20329 ktype=0
output: type=binary m0=34.0117 m1=22.9838 R0=0.000721047 R1=0.000487256 Eint1=0 Eint2=0 id0=21849 id1=100031 a=4862.08 e=0.346273 ktype1=14 ktype2=14
********************************************************************************
type=BS t=0.000669887379
params: b=1.62721 v=0.274558
input: type=single m=0.152103 R=0.174726 Eint=0 id=25424 ktype=0
input: type=binary m0=18.2392 m1=12.9942 R0=40.1635 R1=5.22098 Eint1=0 Eint2=0 id0=58139 id1=100085 a=1038.31 e=0.660025 ktype1=4 ktype2=1
status: DE/E=2.75763e-08 DE=-1.23245e-12 DL/L=1.50918e-10 DL=8.38958e-14 DE_GW/E=-0 DE_GW=0 v_esc_cluster[km/s]=8.19261 tcpu=0.01
outcome: nstar=3 nobj=2:  0 [1 2] (single-binary)
output: type=single m=0.152103 R=0.174726 Eint=0 id=25424 ktype=0
output: type=binary m0=18.2392 m1=12.9942 R0=40.1635 R1=5.22098 Eint1=0 Eint2=0 id0=58139 id1=100085 a=1039.8 e=0.661092 ktype1=4 ktype2=1
********************************************************************************
type=BS t=0.000669887379
params: b=0.512076 v=0.151941
input: type=single m=0.395684 R=0.362228 Eint=0 id=31878 ktype=0
input: type=binary m0=15.8724 m1=12.4451 R0=7.83363 R1=4.90952 Eint1=0 Eint2=0 id0=27529 id1=100040 a=822.723 e=0.263636 ktype1=1 ktype2=1
status: DE/E=-1.23487e-08 DE=4.64995e-12 DL/L=1.01374e-09 DL=3.13063e-12 DE_GW/E=-0 DE_GW=0 v_esc_cluster[km/s]=8.14369 tcpu=0
outcome: nstar=3 nobj=2:  0 [1 2] (single-binary)
output: type=single m=0.395684 R=0.362228 Eint=0 id=31878 ktype=0
output: type=binary m0=15.8724 m1=12.4451 R0=7.83363 R1=4.90952 Eint1=0 Eint2=0 id0=27529 id1=100040 a=807.799 e=0.3189 ktype1=1 ktype2=1
********************************************************************************
type=BS t=0.000669887379
params: b=1.37509 v=0.186777
input: type=single m=0.336564 R=0.320285 Eint=0 id=15723 ktype=0
input: type=binary m0=27.7207 m1=19.2369 R0=0.000587679 R1=0.000407822 Eint1=0 Eint2=0 id0=13077 id1=100017 a=3172.99 e=0.350727 ktype1=14 ktype2=14
status: DE/E=3.22044e-08 DE=-3.25428e-12 DL/L=6.38926e-10 DL=7.04525e-13 DE_GW/E=1.03075e-18 DE_GW=-1.04159e-22 v_esc_cluster[km/s]=8.1322 tcpu=0
outcome: nstar=3 nobj=2:  0 [1 2] (single-binary)
output: type=single m=0.336564 R=0.320285 Eint=0 id=15723 ktype=0
output: type=binary m0=27.7207 m1=19.2369 R0=0.000587679 R1=0.000407822 Eint1=0 Eint2=0 id0=13077 id1=100017 a=3109.24 e=0.376943 ktype1=14 ktype2=14
********************************************************************************
type=BS t=0.000669887379
params: b=2.90312 v=0.120531
input: type=single m=0.133742 R=0.154572 Eint=0 id=49735 ktype=0
input: type=binary m0=17.4574 m1=15.4471 R0=11.556 R1=7.2646 Eint1=0 Eint2=0 id0=12902 id1=100016 a=1744.19 e=0.666872 ktype1=1 ktype2=1
status: DE/E=1.18431e-07 DE=-3.83943e-12 DL/L=2.31905e-09 DL=9.22053e-13 DE_GW/E=-0 DE_GW=0 v_esc_cluster[km/s]=8.07974 tcpu=0.01
outcome: nstar=3 nobj=2:  0 [1 2] (single-binary)
output: type=single m=0.133742 R=0.154572 Eint=0 id=49735 ktype=0
output: type=binary m0=17.4574 m1=15.4471 R0=11.556 R1=7.2646 Eint1=0 Eint2=0 id0=12902 id1=100016 a=1746.25 e=0.666045 ktype1=1 ktype2=1
********************************************************************************
type=BS t=0.000669887379
params: b=2.2787 v=0.155535
input: type=single m=0.231744 R=0.245365 Eint=0 id=43149 ktype=0
input: type=binary m0=34.6785 m1=30.1274 R0=0.000735184 R1=0.000638701 Eint1=0 Eint2=0 id0=34276 id1=100050 a=5092.96 e=0.150274 ktype1=14 ktype2=14
status: DE/E=2.47308e-08 DE=-6.15836e-13 DL/L=6.14383e-09 DL=2.65134e-12 DE_GW/E=1.43683e-18 DE_GW=-3.57793e-23 v_esc_cluster[km/s]=7.88418 tcpu=0.01
outcome: nstar=3 nobj=2:  0 [1 2] (single-binary)
output: type=single m=0.231744 R=0.245365 Eint=0 id=43149 ktype=0
output: type=binary m0=34.6785 m1=30.1274 R0=0.000735184 R1=0.000638701 Eint1=0 Eint2=0 id0=34276 id1=100050 a=5099.67 e=0.148822 ktype1=14 ktype2=14
********************************************************************************
type=BS t=0.000728999128
params: b=1.46144 v=1.71736
input: type=single m=0.608821 R=0.550832 Eint=0 id=40137 ktype=0
input: type=binary m0=2.11474 m1=0.347874 R0=1.24212 R1=0.328158 Eint1=0 Eint2=0 id0=36740 id1=101977 a=57.8731 e=0.770539 ktype1=1 ktype2=0
status: DE/E=-1.99817e-07 DE=-6.30802e-08 DL/L=5.34333e-10 DL=3.51422e-10 DE_GW/E=0 DE_GW=0 v_esc_cluster[km/s]=9.0904 tcpu=0.01
outcome: nstar=3 nobj=2:  0 [1 2] (single-binary)
output: type=single m=0.608821 R=0.550832 Eint=0 id=40137 ktype=0
output: type=binary m0=2.11474 m1=0.347874 R0=1.24212 R1=0.328158 Eint1=0 Eint2=0 id0=36740 id1=101977 a=52.3589 e=0.782936 ktype1=1 ktype2=0
********************************************************************************
type=BS t=0.000728999128
params: b=0.463544 v=0.439927
input: type=single m=1.33629 R=1.0967 Eint=0 id=20849 ktype=1
input: type=binary m0=15.668 m1=14.4298 R0=10.5745 R1=7.46227 Eint1=0 Eint2=0 id0=14532 id1=100022 a=1690.57 e=0.649214 ktype1=1 ktype2=1
status: DE/E=3.27117e-08 DE=-9.55106e-11 DL/L=6.1437e-10 DL=7.82221e-12 DE_GW/E=-0 DE_GW=0 v_esc_cluster[km/s]=8.59475 tcpu=0.01
outcome: nstar=3 nobj=2:  0 [1 2] (single-binary)
output: type=single m=1.33629 R=1.0967 Eint=0 id=20849 ktype=1
output: type=binary m0=15.668 m1=14.4298 R0=10.5745 R1=7.46227 Eint1=0 Eint2=0 id0=14532 id1=100022 a=1962.05 e=0.71446 ktype1=1 ktype2=1
********************************************************************************
type=BS t=0.000728999128
params: b=15.8391 v=0.0281058
input: type=single m=0.378696 R=0.349927 Eint=0 id=15208 ktype=0
input: type=binary m0=16.7501 m1=11.3216 R0=103.303 R1=4.61996 Eint1=0 Eint2=0 id0=13164 id1=100019 a=54.6193 e=0.00655557 ktype1=4 ktype2=1
status: DE/E=3.80638e-06 DE=-1.40009e-09 DL/L=1.97629e-06 DL=5.89549e-09 DE_GW/E=-0 DE_GW=0 v_esc_cluster[km/s]=8.58598 tcpu=0.28
outcome: nstar=3 nobj=2:  0 [1 2] (single-binary)
output: type=single m=0.378696 R=0.349927 Eint=0 id=15208 ktype=0
output: type=binary m0=16.7501 m1=11.3216 R0=103.303 R1=4.61996 Eint1=0 Eint2=0 id0=13164 id1=100019 a=54.6538 e=0.0345015 ktype1=4 ktype2=1
********************************************************************************
type=BS t=0.000728999128
params: b=2.47685 v=0.031365
input: type=single m=0.119748 R=0.137802 Eint=0 id=2370 ktype=0
input: type=binary m0=34.0117 m1=22.9838 R0=0.000721047 R1=0.000487256 Eint1=0 Eint2=0 id0=21849 id1=100031 a=4862.08 e=0.346273 ktype1=14 ktype2=14
status: DE/E=4.80287e-08 DE=-4.38235e-13 DL/L=2.72162e-09 DL=5.02321e-13 DE_GW/E=4.24776e-19 DE_GW=-3.87585e-24 v_esc_cluster[km/s]=8.20439 tcpu=0.01
outcome: nstar=3 nobj=2:  0 [1 2] (single-binary)
output: type=single m=0.119748 R=0.137802 Eint=0 id=2370 ktype=0
output: type=binary m0=34.0117 m1=22.9838 R0=0.000721047 R1=0.000487256 Eint1=0 Eint2=0 id0=21849 id1=100031 a=4851.74 e=0.344879 ktype1=14 ktype2=14
********************************************************************************
type=BS t=0.000728999128
params: b=2.09274 v=0.11199
input: type=single m=0.0870768 R=0.148746 Eint=0 id=73710 ktype=0
input: type=binary m0=34.6785 m1=30.1274 R0=0.000735184 R1=0.000638701 Eint1=0 Eint2=0 id0=34276 id1=100050 a=5099.67 e=0.148822 ktype1=14 ktype2=14
status: DE/E=1.6329e-08 DE=-5.83533e-14 DL/L=4.46177e-09 DL=4.34816e-13 DE_GW/E=5.83855e-19 DE_GW=-2.08646e-24 v_esc_cluster[km/s]=8.12947 tcpu=0
outcome: nstar=3 nobj=2:  0 [1 2] (single-binary)
output: type=single m=0.0870768 R=0.148746 Eint=0 id=73710 ktype=0
output: type=binary m0=34.6785 m1=30.1274 R0=0.000735184 R1=0.000638701 Eint1=0 Eint2=0 id0=34276 id1=100050 a=5096.67 e=0.149441 ktype1=14 ktype2=14
********************************************************************************
type=BS t=0.000728999128
params: b=0.622235 v=0.62854
input: type=single m=2.95519 R=1.51305 Eint=0 id=17052 ktype=1
input: type=binary m0=27.7207 m1=19.2369 R0=0.000587679 R1=0.000407822 Eint1=0 Eint2=0 id0=13077 id1=100017 a=3109.24 e=0.376943 ktype1=14 ktype2=14
status: DE/E=-4.07778e-07 DE=1.78783e-09 DL/L=9.71031e-10 DL=3.03409e-11 DE_GW/E=5.96821e-17 DE_GW=-2.61665e-19 v_esc_cluster[km/s]=8.07846 tcpu=0
outcome: nstar=3 nobj=2:  0 [1 2] (single-binary)
output: type=single m=2.95519 R=1.51305 Eint=0 id=17052 ktype=1
output: type=binary m0=27.7207 m1=19.2369 R0=0.000587679 R1=0.000407822 Eint1=0 Eint2=0 id0=13077 id1=100017 a=2532.02 e=0.300553 ktype1=14 ktype2=14
********************************************************************************
type=BS t=0.000838979326
params: b=4.25125 v=5.89048
input: type=single m=8.98275 R=3.60049 Eint=0 id=11388 ktype=1
input: type=binary m0=0.164362 m1=0.0422952 R0=0.187166 R1=0.189226 Eint1=0 Eint2=0 id0=85 id1=100137 a=45.2711 e=0.686625 ktype1=0 ktype2=0
status: DE/E=3.29632e-09 DE=3.26026e-07 DL/L=9.12574e-10 DL=1.34345e-07 DE_GW/E=0 DE_GW=0 v_esc_cluster[km/s]=8.82964 tcpu=0.01
outcome: nstar=3 nobj=3:  0 1 2 (single-single-single)
output: type=single m=8.98275 R=3.60049 Eint=0 id=11388 ktype=1
output: type=single m=0.164362 R=0.187166 Eint=0 id=85 ktype=0
output: type=single m=0.0422952 R=0.189226 Eint=0 id=100137 ktype=0
********************************************************************************
type=BB t=0.000838979326
params: b=1.68079 v=0.433931
input: type=binary m0=0.224606 m1=0.21483 R0=0.239801 R1=0.231998 Eint1=0 Eint2=0 id0=31208 id1=101663 a=4.84052 e=0.761597 ktype1=0 ktype2=0
input: type=binary m0=34.6785 m1=30.1274 R0=0.000735184 R1=0.000638701 Eint1=0 Eint2=0 id0=34276 id1=100050 a=5096.67 e=0.149441 ktype1=14 ktype2=14
status: DE/E=2.72115e-08 DE=-1.9186e-12 DL/L=3.03872e-09 DL=2.75652e-12 DE_GW/E=1.01257e-12 DE_GW=-7.13933e-17 v_esc_cluster[km/s]=8.7458 tcpu=0.01
outcome: nstar=4 nobj=2:  [0 1] [2 3] (binary-binary)
output: type=binary m0=0.224606 m1=0.21483 R0=0.239801 R1=0.231998 Eint1=0 Eint2=0 id0=31208 id1=101663 a=4.84052 e=0.761597 ktype1=0 ktype2=0
output: type=binary m0=34.6785 m1=30.1274 R0=0.000735184 R1=0.000638701 Eint1=0 Eint2=0 id0=34276 id1=100050 a=5091.93 e=0.148259 ktype1=14 ktype2=14
********************************************************************************
type=BS t=0.000838979326
params: b=1.73445 v=0.102677
input: type=single m=0.0906196 R=0.146781 Eint=0 id=13929 ktype=0
input: type=binary m0=27.7207 m1=19.2369 R0=0.000587679 R1=0.000407822 Eint1=0 Eint2=0 id0=13077 id1=100017 a=2532.02 e=0.300553 ktype1=14 ktype2=14
status: DE/E=3.26475e-09 DE=-2.47769e-14 DL/L=5.73554e-10 DL=9.24652e-14 DE_GW/E=4.60616e-18 DE_GW=-3.49572e-23 v_esc_cluster[km/s]=8.65377 tcpu=0.01
outcome: nstar=3 nobj=2:  0 [1 2] (single-binary)
output: type=single m=0.0906196 R=0.146781 Eint=0 id=13929 ktype=0
output: type=binary m0=27.7207 m1=19.2369 R0=0.000587679 R1=0.000407822 Eint1=0 Eint2=0 id0=13077 id1=100017 a=2531.61 e=0.300629 ktype1=14 ktype2=14
********************************************************************************
type=BS t=0.000838979326
params: b=2.31431 v=0.154176
input: type=single m=0.231041 R=0.244822 Eint=0 id=8365 ktype=0
input: type=binary m0=34.0117 m1=22.9838 R0=0.000721047 R1=0.000487256 Eint1=0 Eint2=0 id0=21849 id1=100031 a=4851.74 e=0.344879 ktype1=14 ktype2=14
status: DE/E=2.93381e-08 DE=-9.69991e-13 DL/L=1.07783e-09 DL=5.40231e-13 DE_GW/E=9.48987e-19 DE_GW=-3.13759e-23 v_esc_cluster[km/s]=8.57362 tcpu=0
outcome: nstar=3 nobj=2:  0 [1 2] (single-binary)
output: type=single m=0.231041 R=0.244822 Eint=0 id=8365 ktype=0
output: type=binary m0=34.0117 m1=22.9838 R0=0.000721047 R1=0.000487256 Eint1=0 Eint2=0 id0=21849 id1=100031 a=4850.01 e=0.345549 ktype1=14 ktype2=14
********************************************************************************
type=BS t=0.000838979326
params: b=0.733161 v=0.482725
input: type=single m=0.966341 R=0.895083 Eint=0 id=26161 ktype=1
input: type=binary m0=15.6081 m1=14.4221 R0=55.4905 R1=9.07639 Eint1=0 Eint2=0 id0=14532 id1=100022 a=1966.47 e=0.71446 ktype1=4 ktype2=1
status: DE/E=3.69822e-07 DE=-5.52227e-10 DL/L=1.29503e-08 DL=1.16902e-10 DE_GW/E=-0 DE_GW=0 v_esc_cluster[km/s]=8.46739 tcpu=0.18
outcome: nstar=3 nobj=2:  0 [1 2] (single-binary)
output: type=single m=0.966341 R=0.895083 Eint=0 id=26161 ktype=1
output: type=binary m0=15.6081 m1=14.4221 R0=55.4905 R1=9.07639 Eint1=0 Eint2=0 id0=14532 id1=100022 a=2545.67 e=0.732803 ktype1=4 ktype2=1
********************************************************************************
type=BS t=0.000838979326
params: b=2.15923 v=1.33497
input: type=single m=0.098814 R=0.142606 Eint=0 id=9655 ktype=0
input: type=binary m0=0.275033 m1=0.0625115 R0=0.277343 R1=0.166121 Eint1=0 Eint2=0 id0=17628 id1=101005 a=13.9034 e=0.643309 ktype1=0 ktype2=0
status: DE/E=4.30936e-07 DE=5.72714e-08 DL/L=7.34313e-10 DL=7.23028e-10 DE_GW/E=0 DE_GW=0 v_esc_cluster[km/s]=8.45 tcpu=0.01
outcome: nstar=3 nobj=2:  0 [1 2] (single-binary)
output: type=single m=0.098814 R=0.142606 Eint=0 id=9655 ktype=0
output: type=binary m0=0.275033 m1=0.0625115 R0=0.277343 R1=0.166121 Eint1=0 Eint2=0 id0=17628 id1=101005 a=15.1538 e=0.648294 ktype1=0 ktype2=0
********************************************************************************
type=BS t=0.000838979326
params: b=4.27595 v=0.0210032
input: type=single m=0.0841176 R=0.15047 Eint=0 id=49418 ktype=0
input: type=binary m0=30.245 m1=19.8691 R0=0.000641193 R1=0.000421226 Eint1=0 Eint2=0 id0=31699 id1=100043 a=1373.4 e=0.082165 ktype1=14 ktype2=14
status: DE/E=2.46332e-07 DE=-1.44472e-12 DL/L=1.18577e-07 DL=1.66838e-11 DE_GW/E=2.94268e-19 DE_GW=-1.72586e-24 v_esc_cluster[km/s]=8.43054 tcpu=0.04
outcome: nstar=3 nobj=2:  0 [1 2] (single-binary)
output: type=single m=0.0841176 R=0.15047 Eint=0 id=49418 ktype=0
output: type=binary m0=30.245 m1=19.8691 R0=0.000641193 R1=0.000421226 Eint1=0 Eint2=0 id0=31699 id1=100043 a=1366.57 e=0.0452867 ktype1=14 ktype2=14
********************************************************************************
type=BS t=0.000838979326
params: b=0.689578 v=0.597548
input: type=single m=0.335382 R=0.319465 Eint=0 id=12877 ktype=0
input: type=binary m0=1.878 m1=1.09614 R0=1.17294 R1=1.00648 Eint1=0 Eint2=0 id0=43177 id1=102269 a=45.7243 e=0.872202 ktype1=1 ktype2=1
status: DE/E=-1.88467e-07 DE=2.67351e-09 DL/L=4.99713e-09 DL=2.07394e-10 DE_GW/E=-0 DE_GW=0 v_esc_cluster[km/s]=8.37687 tcpu=0.08
outcome: nstar=3 nobj=2:  0 [1 2] (single-binary)
output: type=single m=0.335382 R=0.319465 Eint=0 id=12877 ktype=0
output: type=binary m0=1.878 m1=1.09614 R0=1.17294 R1=1.00648 Eint1=0 Eint2=0 id0=43177 id1=102269 a=66.0602 e=0.884907 ktype1=1 ktype2=1
********************************************************************************
type=BS t=0.000838979326
params: b=2.07371 v=0.119
input: type=single m=0.0841117 R=0.150473 Eint=0 id=48944 ktype=0
input: type=binary m0=18.6338 m1=19.1399 R0=0.000395036 R1=0.000405765 Eint1=0 Eint2=0 id0=96946 id1=100129 a=2887.5 e=0.146656 ktype1=14 ktype2=14
status: DE/E=2.33558e-08 DE=-2.27358e-13 DL/L=6.90413e-09 DL=1.40849e-12 DE_GW/E=5.06716e-19 DE_GW=-4.93266e-24 v_esc_cluster[km/s]=7.03306 tcpu=0
outcome: nstar=3 nobj=2:  0 [1 2] (single-binary)
output: type=single m=0.0841117 R=0.150473 Eint=0 id=48944 ktype=0
output: type=binary m0=18.6338 m1=19.1399 R0=0.000395036 R1=0.000405765 Eint1=0 Eint2=0 id0=96946 id1=100129 a=2888.06 e=0.14664 ktype1=14 ktype2=14
********************************************************************************
type=BS t=0.000894540035
params: b=1.87148 v=0.297118
input: type=single m=0.458806 R=0.410883 Eint=0 id=17463 ktype=0
input: type=binary m0=34.6785 m1=30.1274 R0=0.000735184 R1=0.000638701 Eint1=0 Eint2=0 id0=34276 id1=100050 a=5091.93 e=0.148259 ktype1=14 ktype2=14
status: DE/E=1.77253e-09 DE=-1.60522e-13 DL/L=3.76633e-09 DL=4.76089e-12 DE_GW/E=1.24436e-18 DE_GW=-1.1269e-22 v_esc_cluster[km/s]=8.22842 tcpu=0
outcome: nstar=3 nobj=2:  0 [1 2] (single-binary)
output: type=single m=0.458806 R=0.410883 Eint=0 id=17463 ktype=0
output: type=binary m0=34.6785 m1=30.1274 R0=0.000735184 R1=0.000638701 Eint1=0 Eint2=0 id0=34276 id1=100050 a=5086.35 e=0.149457 ktype1=14 ktype2=14
********************************************************************************
type=BB t=0.000894540035
params: b=2.05039 v=0.264188
input: type=binary m0=27.7207 m1=19.2369 R0=0.000587679 R1=0.000407822 Eint1=0 Eint2=0 id0=13077 id1=100017 a=2531.61 e=0.300629 ktype1=14 ktype2=14
input: type=binary m0=0.510581 m1=0.11902 R0=0.45525 R1=0.136893 Eint1=0 Eint2=0 id0=26842 id1=101451 a=8.89281 e=0.481593 ktype1=0 ktype2=0
status: DE/E=5.31529e-08 DE=-1.72707e-11 DL/L=6.93686e-10 DL=1.82095e-12 DE_GW/E=2.73753e-15 DE_GW=-8.89492e-19 v_esc_cluster[km/s]=8.0604 tcpu=0
outcome: nstar=4 nobj=2:  [0 1] [2 3] (binary-binary)
output: type=binary m0=27.7207 m1=19.2369 R0=0.000587679 R1=0.000407822 Eint1=0 Eint2=0 id0=13077 id1=100017 a=2524.46 e=0.29612 ktype1=14 ktype2=14
output: type=binary m0=0.510581 m1=0.11902 R0=0.45525 R1=0.136893 Eint1=0 Eint2=0 id0=26842 id1=101451 a=8.89281 e=0.481593 ktype1=0 ktype2=0
********************************************************************************
type=BS t=0.000894540035
params: b=1.19671 v=0.0753302
input: type=single m=0.195088 R=0.215484 Eint=0 id=4823 ktype=0
input: type=binary m0=30.245 m1=19.8691 R0=0.000641193 R1=0.000421226 Eint1=0 Eint2=0 id0=31699 id1=100043 a=1366.57 e=0.0452867 ktype1=14 ktype2=14
status: DE/E=6.14952e-08 DE=-1.92129e-12 DL/L=2.61761e-08 DL=1.28493e-11 DE_GW/E=1.30852e-17 DE_GW=-4.08818e-22 v_esc_cluster[km/s]=8.05473 tcpu=0.01
outcome: nstar=3 nobj=2:  0 [1 2] (single-binary)
output: type=single m=0.195088 R=0.215484 Eint=0 id=4823 ktype=0
output: type=binary m0=30.245 m1=19.8691 R0=0.000641193 R1=0.000421226 Eint1=0 Eint2=0 id0=31699 id1=100043 a=1366.53 e=0.0722615 ktype1=14 ktype2=14
********************************************************************************
type=BS t=0.000894540035
params: b=1.37814 v=0.329753
input: type=single m=0.927185 R=0.859949 Eint=0 id=26021 ktype=1
input: type=binary m0=34.0117 m1=22.9838 R0=0.000721047 R1=0.000487256 Eint1=0 Eint2=0 id0=21849 id1=100031 a=4850.01 e=0.345549 ktype1=14 ktype2=14
status: DE/E=-6.41342e-08 DE=3.04322e-11 DL/L=3.04595e-10 DL=1.30764e-12 DE_GW/E=5.8204e-18 DE_GW=-2.76183e-21 v_esc_cluster[km/s]=7.95518 tcpu=0
outcome: nstar=3 nobj=2:  0 [1 2] (single-binary)
output: type=single m=0.927185 R=0.859949 Eint=0 id=26021 ktype=1
output: type=binary m0=34.0117 m1=22.9838 R0=0.000721047 R1=0.000487256 Eint1=0 Eint2=0 id0=21849 id1=100031 a=4824.46 e=0.35642 ktype1=14 ktype2=14
********************************************************************************
type=BS t=0.00100626701
params: b=1.76726 v=0.146757
input: type=single m=0.0954517 R=0.144261 Eint=0 id=13373 ktype=0
input: type=binary m0=34.0117 m1=22.9838 R0=0.000721047 R1=0.000487256 Eint1=0 Eint2=0 id0=21849 id1=100031 a=4824.46 e=0.35642 ktype1=14 ktype2=14
status: DE/E=1.71993e-08 DE=-9.7744e-14 DL/L=5.79828e-10 DL=7.65913e-14 DE_GW/E=2.26241e-18 DE_GW=-1.28573e-23 v_esc_cluster[km/s]=8.55054 tcpu=0
outcome: nstar=3 nobj=2:  0 [1 2] (single-binary)
output: type=single m=0.0954517 R=0.144261 Eint=0 id=13373 ktype=0
output: type=binary m0=34.0117 m1=22.9838 R0=0.000721047 R1=0.000487256 Eint1=0 Eint2=0 id0=21849 id1=100031 a=4826.32 e=0.356893 ktype1=14 ktype2=14
********************************************************************************
type=BS t=0.00100626701
params: b=1.35424 v=0.229102
input: type=single m=0.261849 R=0.267864 Eint=0 id=21591 ktype=0
input: type=binary m0=34.6785 m1=30.1274 R0=0.000735184 R1=0.000638701 Eint1=0 Eint2=0 id0=34276 id1=100050 a=5086.35 e=0.149457 ktype1=14 ktype2=14
status: DE/E=-1.03218e-08 DE=3.18337e-13 DL/L=4.30034e-09 DL=2.22181e-12 DE_GW/E=1.58638e-18 DE_GW=-4.89262e-23 v_esc_cluster[km/s]=8.10979 tcpu=0
outcome: nstar=3 nobj=2:  0 [1 2] (single-binary)
output: type=single m=0.261849 R=0.267864 Eint=0 id=21591 ktype=0
output: type=binary m0=34.6785 m1=30.1274 R0=0.000735184 R1=0.000638701 Eint1=0 Eint2=0 id0=34276 id1=100050 a=5090.87 e=0.14878 ktype1=14 ktype2=14
********************************************************************************
type=BS t=0.00100626701
params: b=1.97538 v=0.212425
input: type=single m=0.521735 R=0.46539 Eint=0 id=3057 ktype=0
input: type=binary m0=27.7207 m1=19.2369 R0=0.000587679 R1=0.000407822 Eint1=0 Eint2=0 id0=13077 id1=100017 a=2524.46 e=0.29612 ktype1=14 ktype2=14
status: DE/E=2.31431e-08 DE=-5.51699e-12 DL/L=1.10506e-09 DL=2.49782e-12 DE_GW/E=4.21783e-18 DE_GW=-1.00547e-21 v_esc_cluster[km/s]=8.09883 tcpu=0
outcome: nstar=3 nobj=2:  0 [1 2] (single-binary)
output: type=single m=0.521735 R=0.46539 Eint=0 id=3057 ktype=0
output: type=binary m0=27.7207 m1=19.2369 R0=0.000587679 R1=0.000407822 Eint1=0 Eint2=0 id0=13077 id1=100017 a=2528.77 e=0.294347 ktype1=14 ktype2=14
********************************************************************************
type=BB t=0.00100626701
params: b=2.8207 v=0.111908
input: type=binary m0=0.198401 m1=0.134568 R0=0.218335 R1=0.155522 Eint1=0 Eint2=0 id0=42325 id1=102233 a=0.421108 e=0.640375 ktype1=0 ktype2=0
input: type=binary m0=30.245 m1=19.8691 R0=0.000641193 R1=0.000421226 Eint1=0 Eint2=0 id0=31699 id1=100043 a=1366.53 e=0.0722615 ktype1=14 ktype2=14
status: DE/E=6.13965e-08 DE=-4.82213e-12 DL/L=1.45441e-08 DL=1.36624e-11 DE_GW/E=7.3437e-11 DE_GW=-5.7678e-15 v_esc_cluster[km/s]=7.64447 tcpu=0.01
outcome: nstar=4 nobj=2:  [0 1] [2 3] (binary-binary)
output: type=binary m0=0.198401 m1=0.134568 R0=0.218335 R1=0.155522 Eint1=0 Eint2=0 id0=42325 id1=102233 a=0.421108 e=0.640375 ktype1=0 ktype2=0
output: type=binary m0=30.245 m1=19.8691 R0=0.000641193 R1=0.000421226 Eint1=0 Eint2=0 id0=31699 id1=100043 a=1367.94 e=0.06627 ktype1=14 ktype2=14
********************************************************************************
type=BS t=0.00110327663
params: b=1.69721 v=0.292821
input: type=single m=0.508531 R=0.453412 Eint=0 id=13988 ktype=0
input: type=binary m0=27.7207 m1=19.2369 R0=0.000587679 R1=0.000407822 Eint1=0 Eint2=0 id0=13077 id1=100017 a=2528.77 e=0.294347 ktype1=14 ktype2=14
status: DE/E=2.7464e-08 DE=-5.95858e-12 DL/L=8.5229e-10 DL=1.91486e-12 DE_GW/E=2.80442e-18 DE_GW=-6.08446e-22 v_esc_cluster[km/s]=8.2183 tcpu=0
outcome: nstar=3 nobj=2:  0 [1 2] (single-binary)
output: type=single m=0.508531 R=0.453412 Eint=0 id=13988 ktype=0
output: type=binary m0=27.7207 m1=19.2369 R0=0.000587679 R1=0.000407822 Eint1=0 Eint2=0 id0=13077 id1=100017 a=2505.14 e=0.298681 ktype1=14 ktype2=14
********************************************************************************
type=BS t=0.00110327663
params: b=1.76957 v=0.193978
input: type=single m=0.150478 R=0.17302 Eint=0 id=6850 ktype=0
input: type=binary m0=34.0117 m1=22.9838 R0=0.000721047 R1=0.000487256 Eint1=0 Eint2=0 id0=21849 id1=100031 a=4826.32 e=0.356893 ktype1=14 ktype2=14
status: DE/E=1.53754e-08 DE=-2.13181e-13 DL/L=5.72052e-10 DL=1.44663e-13 DE_GW/E=4.12847e-19 DE_GW=-5.72415e-24 v_esc_cluster[km/s]=7.94158 tcpu=0
outcome: nstar=3 nobj=2:  0 [1 2] (single-binary)
output: type=single m=0.150478 R=0.17302 Eint=0 id=6850 ktype=0
output: type=binary m0=34.0117 m1=22.9838 R0=0.000721047 R1=0.000487256 Eint1=0 Eint2=0 id0=21849 id1=100031 a=4825.09 e=0.357352 ktype1=14 ktype2=14
********************************************************************************
type=BS t=0.00110327663
params: b=2.2673 v=0.0956037
input: type=single m=0.0915796 R=0.146267 Eint=0 id=38236 ktype=0
input: type=binary m0=30.245 m1=19.8691 R0=0.000641193 R1=0.000421226 Eint1=0 Eint2=0 id0=31699 id1=100043 a=1367.94 e=0.06627 ktype1=14 ktype2=14
status: DE/E=2.7816e-08 DE=-1.91628e-13 DL/L=1.13344e-08 DL=1.77575e-12 DE_GW/E=9.03886e-18 DE_GW=-6.22696e-23 v_esc_cluster[km/s]=7.66795 tcpu=0.01
outcome: nstar=3 nobj=2:  0 [1 2] (single-binary)
output: type=single m=0.0915796 R=0.146267 Eint=0 id=38236 ktype=0
output: type=binary m0=30.245 m1=19.8691 R0=0.000641193 R1=0.000421226 Eint1=0 Eint2=0 id0=31699 id1=100043 a=1367.75 e=0.0665406 ktype1=14 ktype2=14
********************************************************************************
type=BS t=0.00110327663
params: b=1.20458 v=0.0681279
input: type=single m=0.0871595 R=0.148698 Eint=0 id=32461 ktype=0
input: type=binary m0=34.6785 m1=30.1274 R0=0.000735184 R1=0.000638701 Eint1=0 Eint2=0 id0=34276 id1=100050 a=5090.87 e=0.14878 ktype1=14 ktype2=14
status: DE/E=4.92903e-08 DE=-1.7789e-13 DL/L=1.91638e-08 DL=1.87974e-12 DE_GW/E=3.06797e-19 DE_GW=-1.10724e-24 v_esc_cluster[km/s]=7.51303 tcpu=0.01
outcome: nstar=3 nobj=2:  0 [1 2] (single-binary)
output: type=single m=0.0871595 R=0.148698 Eint=0 id=32461 ktype=0
output: type=binary m0=34.6785 m1=30.1274 R0=0.000735184 R1=0.000638701 Eint1=0 Eint2=0 id0=34276 id1=100050 a=5112.67 e=0.150154 ktype1=14 ktype2=14
********************************************************************************
type=BS t=0.00116189906
params: b=7.83847 v=0.0215521
input: type=single m=0.323049 R=0.310916 Eint=0 id=47094 ktype=0
input: type=binary m0=32.2692 m1=24.2754 R0=0.000684107 R1=0.000514638 Eint1=0 Eint2=0 id0=10974 id1=100013 a=688.848 e=0.0184537 ktype1=14 ktype2=14
status: DE/E=1.78266e-08 DE=-1.17346e-12 DL/L=1.54969e-08 DL=1.34608e-11 DE_GW/E=1.64692e-16 DE_GW=-1.08411e-20 v_esc_cluster[km/s]=8.26009 tcpu=0.01
outcome: nstar=3 nobj=2:  0 [1 2] (single-binary)
output: type=single m=0.323049 R=0.310916 Eint=0 id=47094 ktype=0
output: type=binary m0=32.2692 m1=24.2754 R0=0.000684107 R1=0.000514638 Eint1=0 Eint2=0 id0=10974 id1=100013 a=669.436 e=0.0159787 ktype1=14 ktype2=14
********************************************************************************
type=BS t=0.00116189906
params: b=2.46862 v=0.108416
input: type=single m=0.121592 R=0.140088 Eint=0 id=10340 ktype=0
input: type=binary m0=34.0117 m1=22.9838 R0=0.000721047 R1=0.000487256 Eint1=0 Eint2=0 id0=21849 id1=100031 a=4825.09 e=0.357352 ktype1=14 ktype2=14
status: DE/E=2.16196e-08 DE=-2.01185e-13 DL/L=8.90528e-10 DL=1.63587e-13 DE_GW/E=8.61175e-19 DE_GW=-8.0138e-24 v_esc_cluster[km/s]=8.16343 tcpu=0
outcome: nstar=3 nobj=2:  0 [1 2] (single-binary)
output: type=single m=0.121592 R=0.140088 Eint=0 id=10340 ktype=0
output: type=binary m0=34.0117 m1=22.9838 R0=0.000721047 R1=0.000487256 Eint1=0 Eint2=0 id0=21849 id1=100031 a=4824.4 e=0.357244 ktype1=14 ktype2=14
********************************************************************************
type=BS t=0.00116189906
params: b=2.68979 v=0.0784988
input: type=single m=0.24066 R=0.252179 Eint=0 id=28565 ktype=0
input: type=binary m0=27.7207 m1=19.2369 R0=0.000587679 R1=0.000407822 Eint1=0 Eint2=0 id0=13077 id1=100017 a=2505.14 e=0.298681 ktype1=14 ktype2=14
status: DE/E=5.18747e-08 DE=-2.77121e-12 DL/L=2.12239e-09 DL=1.53829e-12 DE_GW/E=1.94147e-18 DE_GW=-1.03716e-22 v_esc_cluster[km/s]=7.82545 tcpu=0.01
outcome: nstar=3 nobj=2:  0 [1 2] (single-binary)
output: type=single m=0.24066 R=0.252179 Eint=0 id=28565 ktype=0
output: type=binary m0=27.7207 m1=19.2369 R0=0.000587679 R1=0.000407822 Eint1=0 Eint2=0 id0=13077 id1=100017 a=2507.24 e=0.296826 ktype1=14 ktype2=14
********************************************************************************
type=BS t=0.00116189906
params: b=2.47376 v=0.0893085
input: type=single m=0.126761 R=0.146369 Eint=0 id=41728 ktype=0
input: type=binary m0=34.6785 m1=30.1274 R0=0.000735184 R1=0.000638701 Eint1=0 Eint2=0 id0=34276 id1=100050 a=5112.67 e=0.150154 ktype1=14 ktype2=14
status: DE/E=1.13944e-08 DE=-8.65839e-14 DL/L=6.55497e-09 DL=1.13827e-12 DE_GW/E=4.52805e-19 DE_GW=-3.44077e-24 v_esc_cluster[km/s]=7.2792 tcpu=0
outcome: nstar=3 nobj=2:  0 [1 2] (single-binary)
output: type=single m=0.126761 R=0.146369 Eint=0 id=41728 ktype=0
output: type=binary m0=34.6785 m1=30.1274 R0=0.000735184 R1=0.000638701 Eint1=0 Eint2=0 id0=34276 id1=100050 a=5107.45 e=0.151461 ktype1=14 ktype2=14
********************************************************************************
type=BS t=0.00116189906
params: b=1.19605 v=0.175061
input: type=single m=0.246349 R=0.256455 Eint=0 id=95629 ktype=0
input: type=binary m0=18.6338 m1=19.1399 R0=0.000395036 R1=0.000405765 Eint1=0 Eint2=0 id0=96946 id1=100129 a=2888.06 e=0.14664 ktype1=14 ktype2=14
status: DE/E=-3.37757e-09 DE=2.74962e-13 DL/L=7.10171e-09 DL=7.17832e-12 DE_GW/E=2.92788e-18 DE_GW=-2.38354e-22 v_esc_cluster[km/s]=4.62119 tcpu=0
outcome: nstar=3 nobj=2:  0 [1 2] (single-binary)
output: type=single m=0.246349 R=0.256455 Eint=0 id=95629 ktype=0
output: type=binary m0=18.6338 m1=19.1399 R0=0.000395036 R1=0.000405765 Eint1=0 Eint2=0 id0=96946 id1=100129 a=2867.27 e=0.159995 ktype1=14 ktype2=14
********************************************************************************
type=BS t=0.00126225137
params: b=0.942426 v=0.152727
input: type=single m=0.0849437 R=0.14998 Eint=0 id=40441 ktype=0
input: type=binary m0=27.7207 m1=19.2369 R0=0.000587679 R1=0.000407822 Eint1=0 Eint2=0 id0=13077 id1=100017 a=2507.24 e=0.296826 ktype1=14 ktype2=14
status: DE/E=1.35471e-08 DE=-8.91907e-14 DL/L=7.6669e-10 DL=1.13688e-13 DE_GW/E=4.67777e-18 DE_GW=-3.07973e-23 v_esc_cluster[km/s]=7.70535 tcpu=0
outcome: nstar=3 nobj=2:  0 [1 2] (single-binary)
output: type=single m=0.0849437 R=0.14998 Eint=0 id=40441 ktype=0
output: type=binary m0=27.7207 m1=19.2369 R0=0.000587679 R1=0.000407822 Eint1=0 Eint2=0 id0=13077 id1=100017 a=2495.26 e=0.299408 ktype1=14 ktype2=14
********************************************************************************
type=BS t=0.00126225137
params: b=2.50255 v=0.303448
input: type=single m=0.736732 R=0.683545 Eint=0 id=12693 ktype=1
input: type=binary m0=34.0117 m1=22.9838 R0=0.000721047 R1=0.000487256 Eint1=0 Eint2=0 id0=21849 id1=100031 a=4824.4 e=0.357244 ktype1=14 ktype2=14
status: DE/E=6.38607e-08 DE=-1.96185e-11 DL/L=6.61991e-10 DL=1.8076e-12 DE_GW/E=9.40332e-19 DE_GW=-2.88877e-22 v_esc_cluster[km/s]=7.60005 tcpu=0
outcome: nstar=3 nobj=2:  0 [1 2] (single-binary)
output: type=single m=0.736732 R=0.683545 Eint=0 id=12693 ktype=1
output: type=binary m0=34.0117 m1=22.9838 R0=0.000721047 R1=0.000487256 Eint1=0 Eint2=0 id0=21849 id1=100031 a=4828.71 e=0.357939 ktype1=14 ktype2=14
********************************************************************************
type=BS t=0.00126225137
params: b=2.50765 v=0.193611
input: type=single m=0.950673 R=0.881212 Eint=0 id=50955 ktype=1
input: type=binary m0=30.245 m1=19.8691 R0=0.000641193 R1=0.000421226 Eint1=0 Eint2=0 id0=31699 id1=100043 a=1367.75 e=0.0665406 ktype1=14 ktype2=14
status: DE/E=1.74732e-08 DE=-1.21802e-11 DL/L=2.10875e-08 DL=1.12339e-10 DE_GW/E=2.91138e-17 DE_GW=-2.02947e-20 v_esc_cluster[km/s]=7.50552 tcpu=0
outcome: nstar=3 nobj=2:  0 [1 2] (single-binary)
output: type=single m=0.950673 R=0.881212 Eint=0 id=50955 ktype=1
output: type=binary m0=30.245 m1=19.8691 R0=0.000641193 R1=0.000421226 Eint1=0 Eint2=0 id0=31699 id1=100043 a=1358.96 e=0.0795454 ktype1=14 ktype2=14
********************************************************************************
type=BS t=0.00126225137
params: b=1.20277 v=0.305608
input: type=single m=0.546825 R=0.48894 Eint=0 id=46994 ktype=0
input: type=binary m0=34.6785 m1=30.1274 R0=0.000735184 R1=0.000638701 Eint1=0 Eint2=0 id0=34276 id1=100050 a=5107.45 e=0.151461 ktype1=14 ktype2=14
status: DE/E=3.47898e-08 DE=-4.43829e-12 DL/L=5.65935e-09 DL=8.14612e-12 DE_GW/E=1.68495e-18 DE_GW=-2.14957e-22 v_esc_cluster[km/s]=7.30089 tcpu=0
outcome: nstar=3 nobj=2:  0 [1 2] (single-binary)
output: type=single m=0.546825 R=0.48894 Eint=0 id=46994 ktype=0
output: type=binary m0=34.6785 m1=30.1274 R0=0.000735184 R1=0.000638701 Eint1=0 Eint2=0 id0=34276 id1=100050 a=5081.17 e=0.144738 ktype1=14 ktype2=14
********************************************************************************
type=BS t=0.00140738161
params: b=2.24536 v=0.348963
input: type=single m=0.854367 R=0.794826 Eint=0 id=1729 ktype=1
input: type=binary m0=34.0117 m1=22.9838 R0=0.000721047 R1=0.000487256 Eint1=0 Eint2=0 id0=21849 id1=100031 a=4828.71 e=0.357939 ktype1=14 ktype2=14
status: DE/E=9.61812e-09 DE=-3.82809e-12 DL/L=2.03771e-10 DL=6.92063e-13 DE_GW/E=2.19116e-18 DE_GW=-8.721e-22 v_esc_cluster[km/s]=8.03922 tcpu=0
outcome: nstar=3 nobj=2:  0 [1 2] (single-binary)
output: type=single m=0.854367 R=0.794826 Eint=0 id=1729 ktype=1
output: type=binary m0=34.0117 m1=22.9838 R0=0.000721047 R1=0.000487256 Eint1=0 Eint2=0 id0=21849 id1=100031 a=4823.91 e=0.355579 ktype1=14 ktype2=14
********************************************************************************
type=BS t=0.00140738161
params: b=2.16443 v=0.292009
input: type=single m=0.194512 R=0.214986 Eint=0 id=8247 ktype=0
input: type=binary m0=27.7207 m1=19.2369 R0=0.000587679 R1=0.000407822 Eint1=0 Eint2=0 id0=13077 id1=100017 a=2495.26 e=0.299408 ktype1=14 ktype2=14
status: DE/E=1.65577e-08 DE=-5.32875e-13 DL/L=5.56088e-10 DL=3.08437e-13 DE_GW/E=1.9422e-18 DE_GW=-6.25056e-23 v_esc_cluster[km/s]=7.85495 tcpu=0
outcome: nstar=3 nobj=2:  0 [1 2] (single-binary)
output: type=single m=0.194512 R=0.214986 Eint=0 id=8247 ktype=0
output: type=binary m0=27.7207 m1=19.2369 R0=0.000587679 R1=0.000407822 Eint1=0 Eint2=0 id0=13077 id1=100017 a=2497.22 e=0.298489 ktype1=14 ktype2=14
********************************************************************************
type=BS t=0.00140738161
params: b=1.17483 v=0.0708317
input: type=single m=0.156745 R=0.179525 Eint=0 id=53187 ktype=0
input: type=binary m0=34.6785 m1=30.1274 R0=0.000735184 R1=0.000638701 Eint1=0 Eint2=0 id0=34276 id1=100050 a=5081.17 e=0.144738 ktype1=14 ktype2=14
status: DE/E=2.63036e-08 DE=-3.06245e-13 DL/L=5.76938e-09 DL=1.36764e-12 DE_GW/E=8.05135e-19 DE_GW=-9.37395e-24 v_esc_cluster[km/s]=7.25954 tcpu=0.01
outcome: nstar=3 nobj=2:  0 [1 2] (single-binary)
output: type=single m=0.156745 R=0.179525 Eint=0 id=53187 ktype=0
output: type=binary m0=34.6785 m1=30.1274 R0=0.000735184 R1=0.000638701 Eint1=0 Eint2=0 id0=34276 id1=100050 a=5011.77 e=0.137614 ktype1=14 ktype2=14
********************************************************************************
type=BS t=0.00147456501
params: b=1.39869 v=0.608493
input: type=single m=1.60923 R=1.11703 Eint=0 id=1442 ktype=1
input: type=binary m0=34.0117 m1=22.9838 R0=0.000721047 R1=0.000487256 Eint1=0 Eint2=0 id0=21849 id1=100031 a=4823.91 e=0.355579 ktype1=14 ktype2=14
status: DE/E=9.20801e-08 DE=-9.08446e-11 DL/L=6.28785e-11 DL=6.12721e-13 DE_GW/E=7.93787e-18 DE_GW=-7.83136e-21 v_esc_cluster[km/s]=8.12104 tcpu=0
outcome: nstar=3 nobj=2:  0 [1 2] (single-binary)
output: type=single m=1.60923 R=1.11703 Eint=0 id=1442 ktype=1
output: type=binary m0=34.0117 m1=22.9838 R0=0.000721047 R1=0.000487256 Eint1=0 Eint2=0 id0=21849 id1=100031 a=4751.17 e=0.350212 ktype1=14 ktype2=14
********************************************************************************
type=BS t=0.00147456501
params: b=1.93707 v=0.635804
input: type=single m=2.31816 R=1.31998 Eint=0 id=87183 ktype=1
input: type=binary m0=16.7688 m1=17.3967 R0=0.000355498 R1=0.00036881 Eint1=0 Eint2=0 id0=23071 id1=100033 a=765.849 e=0.322739 ktype1=14 ktype2=14
status: DE/E=2.92967e-07 DE=-1.40978e-09 DL/L=1.05776e-10 DL=3.36619e-12 DE_GW/E=1.62026e-16 DE_GW=-7.79679e-19 v_esc_cluster[km/s]=8.04991 tcpu=0.01
outcome: nstar=3 nobj=2:  0 [1 2] (single-binary)
output: type=single m=2.31816 R=1.31998 Eint=0 id=87183 ktype=1
output: type=binary m0=16.7688 m1=17.3967 R0=0.000355498 R1=0.00036881 Eint1=0 Eint2=0 id0=23071 id1=100033 a=781.196 e=0.332882 ktype1=14 ktype2=14
********************************************************************************
type=BS t=0.00147456501
params: b=1.81508 v=0.315958
input: type=single m=0.78768 R=0.733321 Eint=0 id=9826 ktype=1
input: type=binary m0=27.7207 m1=19.2369 R0=0.000587679 R1=0.000407822 Eint1=0 Eint2=0 id0=13077 id1=100017 a=2497.22 e=0.298489 ktype1=14 ktype2=14
status: DE/E=-2.37594e-08 DE=1.20349e-11 DL/L=8.42952e-10 DL=3.29261e-12 DE_GW/E=4.50493e-18 DE_GW=-2.28189e-21 v_esc_cluster[km/s]=7.85718 tcpu=0.01
outcome: nstar=3 nobj=2:  0 [1 2] (single-binary)
output: type=single m=0.78768 R=0.733321 Eint=0 id=9826 ktype=1
output: type=binary m0=27.7207 m1=19.2369 R0=0.000587679 R1=0.000407822 Eint1=0 Eint2=0 id0=13077 id1=100017 a=2519.37 e=0.295791 ktype1=14 ktype2=14
********************************************************************************
type=BS t=0.00147456501
params: b=7.97801 v=0.0390082
input: type=single m=0.438571 R=0.394709 Eint=0 id=26950 ktype=0
input: type=binary m0=30.245 m1=19.8691 R0=0.000641193 R1=0.000421226 Eint1=0 Eint2=0 id0=31699 id1=100043 a=1358.96 e=0.0795454 ktype1=14 ktype2=14
status: DE/E=1.09185e-07 DE=-1.71456e-11 DL/L=3.47683e-08 DL=5.46142e-11 DE_GW/E=1.60196e-17 DE_GW=-2.51558e-21 v_esc_cluster[km/s]=7.38922 tcpu=0.01
outcome: nstar=3 nobj=2:  0 [1 2] (single-binary)
output: type=single m=0.438571 R=0.394709 Eint=0 id=26950 ktype=0
output: type=binary m0=30.245 m1=19.8691 R0=0.000641193 R1=0.000421226 Eint1=0 Eint2=0 id0=31699 id1=100043 a=1358.95 e=0.0796948 ktype1=14 ktype2=14
********************************************************************************
type=BS t=0.00147456501
params: b=2.09064 v=0.226933
input: type=single m=0.173276 R=0.195769 Eint=0 id=99977 ktype=0
input: type=binary m0=34.6785 m1=30.1274 R0=0.000735184 R1=0.000638701 Eint1=0 Eint2=0 id0=34276 id1=100050 a=5011.77 e=0.137614 ktype1=14 ktype2=14
status: DE/E=1.84908e-08 DE=-2.50668e-13 DL/L=4.0214e-09 DL=1.1221e-12 DE_GW/E=9.59805e-19 DE_GW=-1.30115e-23 v_esc_cluster[km/s]=7.15834 tcpu=0
outcome: nstar=3 nobj=2:  0 [1 2] (single-binary)
output: type=single m=0.173276 R=0.195769 Eint=0 id=99977 ktype=0
output: type=binary m0=34.6785 m1=30.1274 R0=0.000735184 R1=0.000638701 Eint1=0 Eint2=0 id0=34276 id1=100050 a=5009.81 e=0.137718 ktype1=14 ktype2=14
********************************************************************************
type=BS t=0.0015629018
params: b=0.526855 v=0.192775
input: type=single m=0.586187 R=0.527737 Eint=0 id=36887 ktype=0
input: type=binary m0=34.6785 m1=30.1274 R0=0.000735184 R1=0.000638701 Eint1=0 Eint2=0 id0=34276 id1=100050 a=5009.81 e=0.137718 ktype1=14 ktype2=14
status: DE/E=4.11846e-08 DE=-6.40453e-12 DL/L=1.13659e-08 DL=1.92166e-11 DE_GW/E=2.31363e-18 DE_GW=-3.59787e-22 v_esc_cluster[km/s]=7.94706 tcpu=0.01
outcome: nstar=3 nobj=2:  0 [1 2] (single-binary)
output: type=single m=0.586187 R=0.527737 Eint=0 id=36887 ktype=0
output: type=binary m0=34.6785 m1=30.1274 R0=0.000735184 R1=0.000638701 Eint1=0 Eint2=0 id0=34276 id1=100050 a=5174.61 e=0.170197 ktype1=14 ktype2=14
********************************************************************************
type=BS t=0.0015629018
params: b=1.84548 v=0.458766
input: type=single m=1.31343 R=1.09599 Eint=0 id=14979 ktype=1
input: type=binary m0=34.0117 m1=22.9838 R0=0.000721047 R1=0.000487256 Eint1=0 Eint2=0 id0=21849 id1=100031 a=4751.17 e=0.350212 ktype1=14 ktype2=14
status: DE/E=-1.10279e-07 DE=9.17935e-11 DL/L=4.80043e-10 DL=2.40348e-12 DE_GW/E=3.58336e-18 DE_GW=-2.98271e-21 v_esc_cluster[km/s]=7.4718 tcpu=0.01
outcome: nstar=3 nobj=2:  0 [1 2] (single-binary)
output: type=single m=1.31343 R=1.09599 Eint=0 id=14979 ktype=1
output: type=binary m0=34.0117 m1=22.9838 R0=0.000721047 R1=0.000487256 Eint1=0 Eint2=0 id0=21849 id1=100031 a=4757.74 e=0.351996 ktype1=14 ktype2=14
********************************************************************************
type=BS t=0.00164096788
params: b=2.04248 v=0.2662
input: type=single m=0.336212 R=0.320047 Eint=0 id=35681 ktype=0
input: type=binary m0=34.0117 m1=22.9838 R0=0.000721047 R1=0.000487256 Eint1=0 Eint2=0 id0=21849 id1=100031 a=4757.74 e=0.351996 ktype1=14 ktype2=14
status: DE/E=2.10097e-08 DE=-1.39489e-12 DL/L=7.74828e-11 DL=6.8767e-14 DE_GW/E=4.7922e-19 DE_GW=-3.18167e-23 v_esc_cluster[km/s]=7.36874 tcpu=0.01
outcome: nstar=3 nobj=2:  0 [1 2] (single-binary)
output: type=single m=0.336212 R=0.320047 Eint=0 id=35681 ktype=0
output: type=binary m0=34.0117 m1=22.9838 R0=0.000721047 R1=0.000487256 Eint1=0 Eint2=0 id0=21849 id1=100031 a=4746.82 e=0.354024 ktype1=14 ktype2=14
********************************************************************************
type=BS t=0.00164096788
params: b=1.66319 v=0.345031
input: type=single m=0.225889 R=0.24081 Eint=0 id=14038 ktype=0
input: type=binary m0=18.6338 m1=19.1399 R0=0.000395036 R1=0.000405765 Eint1=0 Eint2=0 id0=96946 id1=100129 a=2867.27 e=0.159995 ktype1=14 ktype2=14
status: DE/E=9.88884e-09 DE=-6.15798e-13 DL/L=3.4393e-09 DL=2.97998e-12 DE_GW/E=1.93158e-18 DE_GW=-1.20283e-22 v_esc_cluster[km/s]=7.32221 tcpu=0
outcome: nstar=3 nobj=2:  0 [1 2] (single-binary)
output: type=single m=0.225889 R=0.24081 Eint=0 id=14038 ktype=0
output: type=binary m0=18.6338 m1=19.1399 R0=0.000395036 R1=0.000405765 Eint1=0 Eint2=0 id0=96946 id1=100129 a=2866.31 e=0.159632 ktype1=14 ktype2=14
********************************************************************************
type=BS t=0.00164096788
params: b=2.14213 v=0.170375
input: type=single m=0.146359 R=0.16863 Eint=0 id=49354 ktype=0
input: type=binary m0=27.7207 m1=19.2369 R0=0.000587679 R1=0.000407822 Eint1=0 Eint2=0 id0=13077 id1=100017 a=2519.37 e=0.295791 ktype1=14 ktype2=14
status: DE/E=4.24254e-09 DE=-8.22247e-14 DL/L=3.18324e-10 DL=1.08737e-13 DE_GW/E=5.92994e-18 DE_GW=-1.14928e-22 v_esc_cluster[km/s]=7.30068 tcpu=0
outcome: nstar=3 nobj=2:  0 [1 2] (single-binary)
output: type=single m=0.146359 R=0.16863 Eint=0 id=49354 ktype=0
output: type=binary m0=27.7207 m1=19.2369 R0=0.000587679 R1=0.000407822 Eint1=0 Eint2=0 id0=13077 id1=100017 a=2518.19 e=0.294277 ktype1=14 ktype2=14
********************************************************************************
type=BS t=0.00164096788
params: b=8.85136 v=0.0207817
input: type=single m=0.129831 R=0.150016 Eint=0 id=37159 ktype=0
input: type=binary m0=32.2692 m1=24.2754 R0=0.000684107 R1=0.000514638 Eint1=0 Eint2=0 id0=10974 id1=100013 a=669.436 e=0.0159787 ktype1=14 ktype2=14
status: DE/E=7.10067e-08 DE=-7.60137e-13 DL/L=3.32685e-08 DL=7.42312e-12 DE_GW/E=8.56309e-17 DE_GW=-9.16691e-22 v_esc_cluster[km/s]=7.11164 tcpu=0.01
outcome: nstar=3 nobj=2:  0 [1 2] (single-binary)
output: type=single m=0.129831 R=0.150016 Eint=0 id=37159 ktype=0
output: type=binary m0=32.2692 m1=24.2754 R0=0.000684107 R1=0.000514638 Eint1=0 Eint2=0 id0=10974 id1=100013 a=668.957 e=0.0152945 ktype1=14 ktype2=14
********************************************************************************
type=BS t=0.00164096788
params: b=1.91056 v=0.638177
input: type=single m=2.20137 R=1.2824 Eint=0 id=50149 ktype=1
input: type=binary m0=34.6785 m1=30.1274 R0=0.000735184 R1=0.000638701 Eint1=0 Eint2=0 id0=34276 id1=100050 a=5174.61 e=0.170197 ktype1=14 ktype2=14
status: DE/E=-3.10932e-07 DE=3.99798e-10 DL/L=1.97891e-09 DL=3.36005e-11 DE_GW/E=5.38255e-18 DE_GW=-6.92091e-21 v_esc_cluster[km/s]=7.02111 tcpu=0.01
outcome: nstar=3 nobj=2:  0 [1 2] (single-binary)
output: type=single m=2.20137 R=1.2824 Eint=0 id=50149 ktype=1
output: type=binary m0=34.6785 m1=30.1274 R0=0.000735184 R1=0.000638701 Eint1=0 Eint2=0 id0=34276 id1=100050 a=5074.66 e=0.196971 ktype1=14 ktype2=14
********************************************************************************
type=BS t=0.00174761663
params: b=0.926471 v=0.120821
input: type=single m=0.0928818 R=0.14558 Eint=0 id=14011 ktype=0
input: type=binary m0=34.0117 m1=22.9838 R0=0.000721047 R1=0.000487256 Eint1=0 Eint2=0 id0=21849 id1=100031 a=4746.82 e=0.354024 ktype1=14 ktype2=14
status: DE/E=1.29504e-08 DE=-7.01881e-14 DL/L=5.75679e-10 DL=7.23082e-14 DE_GW/E=1.35067e-18 DE_GW=-7.32033e-24 v_esc_cluster[km/s]=7.78937 tcpu=0
outcome: nstar=3 nobj=2:  0 [1 2] (single-binary)
output: type=single m=0.0928818 R=0.14558 Eint=0 id=14011 ktype=0
output: type=binary m0=34.0117 m1=22.9838 R0=0.000721047 R1=0.000487256 Eint1=0 Eint2=0 id0=21849 id1=100031 a=4740.98 e=0.355946 ktype1=14 ktype2=14
********************************************************************************
type=BS t=0.00174761663
params: b=6.16988 v=0.0384131
input: type=single m=0.23392 R=0.247044 Eint=0 id=17566 ktype=0
input: type=binary m0=32.2692 m1=24.2754 R0=0.000684107 R1=0.000514638 Eint1=0 Eint2=0 id0=10974 id1=100013 a=668.957 e=0.0152945 ktype1=14 ktype2=14
status: DE/E=4.89578e-08 DE=-1.69334e-12 DL/L=3.90819e-08 DL=2.03141e-11 DE_GW/E=3.34958e-20 DE_GW=-1.15855e-24 v_esc_cluster[km/s]=7.6119 tcpu=0.01
outcome: nstar=3 nobj=2:  0 [1 2] (single-binary)
output: type=single m=0.23392 R=0.247044 Eint=0 id=17566 ktype=0
output: type=binary m0=32.2692 m1=24.2754 R0=0.000684107 R1=0.000514638 Eint1=0 Eint2=0 id0=10974 id1=100013 a=669.028 e=0.0151311 ktype1=14 ktype2=14
********************************************************************************
type=BS t=0.00174761663
params: b=2.08965 v=0.43868
input: type=single m=1.33026 R=1.09769 Eint=0 id=35037 ktype=1
input: type=binary m0=27.7207 m1=19.2369 R0=0.000587679 R1=0.000407822 Eint1=0 Eint2=0 id0=13077 id1=100017 a=2518.19 e=0.294277 ktype1=14 ktype2=14
status: DE/E=9.57386e-08 DE=-1.21311e-10 DL/L=1.13855e-10 DL=1.31089e-12 DE_GW/E=4.86221e-18 DE_GW=-6.16093e-21 v_esc_cluster[km/s]=7.29397 tcpu=0
outcome: nstar=3 nobj=2:  0 [1 2] (single-binary)
output: type=single m=1.33026 R=1.09769 Eint=0 id=35037 ktype=1
output: type=binary m0=27.7207 m1=19.2369 R0=0.000587679 R1=0.000407822 Eint1=0 Eint2=0 id0=13077 id1=100017 a=2454.3 e=0.264948 ktype1=14 ktype2=14
********************************************************************************
type=BS t=0.00174761663
params: b=4.59081 v=0.0411713
input: type=single m=0.117276 R=0.134701 Eint=0 id=83589 ktype=0
input: type=binary m0=21.9224 m1=18.4316 R0=0.000464755 R1=0.000390749 Eint1=0 Eint2=0 id0=26478 id1=100037 a=174.395 e=0.243447 ktype1=14 ktype2=14
status: DE/E=5.90464e-08 DE=-9.97403e-13 DL/L=4.61784e-09 DL=1.42544e-12 DE_GW/E=2.45914e-15 DE_GW=-4.15394e-20 v_esc_cluster[km/s]=7.11301 tcpu=0.02
outcome: nstar=3 nobj=2:  0 [1 2] (single-binary)
output: type=single m=0.117276 R=0.134701 Eint=0 id=83589 ktype=0
output: type=binary m0=21.9224 m1=18.4316 R0=0.000464755 R1=0.000390749 Eint1=0 Eint2=0 id0=26478 id1=100037 a=174.188 e=0.234428 ktype1=14 ktype2=14
********************************************************************************
type=BS t=0.00174761663
params: b=4.12196 v=0.0814509
input: type=single m=0.379336 R=0.350394 Eint=0 id=27725 ktype=0
input: type=binary m0=34.6785 m1=30.1274 R0=0.000735184 R1=0.000638701 Eint1=0 Eint2=0 id0=34276 id1=100050 a=5074.66 e=0.196971 ktype1=14 ktype2=14
status: DE/E=2.24018e-08 DE=-1.51467e-12 DL/L=5.18572e-09 DL=4.5944e-12 DE_GW/E=1.187e-18 DE_GW=-8.02576e-23 v_esc_cluster[km/s]=6.98348 tcpu=0
outcome: nstar=3 nobj=2:  0 [1 2] (single-binary)
output: type=single m=0.379336 R=0.350394 Eint=0 id=27725 ktype=0
output: type=binary m0=34.6785 m1=30.1274 R0=0.000735184 R1=0.000638701 Eint1=0 Eint2=0 id0=34276 id1=100050 a=5071.33 e=0.201833 ktype1=14 ktype2=14
********************************************************************************
type=BS t=0.00186840962
params: b=0.899673 v=0.237417
input: type=single m=0.246694 R=0.256715 Eint=0 id=37415 ktype=0
input: type=binary m0=27.7207 m1=19.2369 R0=0.000587679 R1=0.000407822 Eint1=0 Eint2=0 id0=13077 id1=100017 a=2454.3 e=0.264948 ktype1=14 ktype2=14
status: DE/E=-9.42911e-09 DE=5.02427e-13 DL/L=4.5443e-10 DL=3.46202e-13 DE_GW/E=3.43507e-18 DE_GW=-1.83037e-22 v_esc_cluster[km/s]=7.64154 tcpu=0
outcome: nstar=3 nobj=2:  0 [1 2] (single-binary)
output: type=single m=0.246694 R=0.256715 Eint=0 id=37415 ktype=0
output: type=binary m0=27.7207 m1=19.2369 R0=0.000587679 R1=0.000407822 Eint1=0 Eint2=0 id0=13077 id1=100017 a=2446.24 e=0.264444 ktype1=14 ktype2=14
********************************************************************************
type=BS t=0.00186840962
params: b=1.91966 v=0.0736327
input: type=single m=0.155392 R=0.178138 Eint=0 id=40204 ktype=0
input: type=binary m0=30.245 m1=19.8691 R0=0.000641193 R1=0.000421226 Eint1=0 Eint2=0 id0=31699 id1=100043 a=1358.95 e=0.0796948 ktype1=14 ktype2=14
status: DE/E=5.18875e-08 DE=-1.03041e-12 DL/L=1.7628e-08 DL=6.10123e-12 DE_GW/E=1.4006e-17 DE_GW=-2.78138e-22 v_esc_cluster[km/s]=7.61033 tcpu=0
outcome: nstar=3 nobj=2:  0 [1 2] (single-binary)
output: type=single m=0.155392 R=0.178138 Eint=0 id=40204 ktype=0
output: type=binary m0=30.245 m1=19.8691 R0=0.000641193 R1=0.000421226 Eint1=0 Eint2=0 id0=31699 id1=100043 a=1361.48 e=0.0802166 ktype1=14 ktype2=14
********************************************************************************
type=BS t=0.00186840962
params: b=1.94642 v=0.235229
input: type=single m=0.125214 R=0.144508 Eint=0 id=54258 ktype=0
input: type=binary m0=34.0117 m1=22.9838 R0=0.000721047 R1=0.000487256 Eint1=0 Eint2=0 id0=21849 id1=100031 a=4740.98 e=0.355946 ktype1=14 ktype2=14
status: DE/E=1.64423e-08 DE=-1.55083e-13 DL/L=2.82455e-10 DL=5.53837e-14 DE_GW/E=5.72726e-19 DE_GW=-5.4019e-24 v_esc_cluster[km/s]=7.60349 tcpu=0
outcome: nstar=3 nobj=2:  0 [1 2] (single-binary)
output: type=single m=0.125214 R=0.144508 Eint=0 id=54258 ktype=0
output: type=binary m0=34.0117 m1=22.9838 R0=0.000721047 R1=0.000487256 Eint1=0 Eint2=0 id0=21849 id1=100031 a=4737.93 e=0.356375 ktype1=14 ktype2=14
********************************************************************************
type=BS t=0.00186840962
params: b=1.9628 v=0.175521
input: type=single m=0.143084 R=0.165072 Eint=0 id=33826 ktype=0
input: type=binary m0=34.6785 m1=30.1274 R0=0.000735184 R1=0.000638701 Eint1=0 Eint2=0 id0=34276 id1=100050 a=5071.33 e=0.201833 ktype1=14 ktype2=14
status: DE/E=1.16335e-08 DE=-1.09985e-13 DL/L=1.99135e-09 DL=4.14291e-13 DE_GW/E=1.07436e-18 DE_GW=-1.01572e-23 v_esc_cluster[km/s]=7.50307 tcpu=0
outcome: nstar=3 nobj=2:  0 [1 2] (single-binary)
output: type=single m=0.143084 R=0.165072 Eint=0 id=33826 ktype=0
output: type=binary m0=34.6785 m1=30.1274 R0=0.000735184 R1=0.000638701 Eint1=0 Eint2=0 id0=34276 id1=100050 a=5076.79 e=0.202929 ktype1=14 ktype2=14
********************************************************************************
type=BS t=0.00197654895
params: b=2.09654 v=0.0948204
input: type=single m=0.113421 R=0.136201 Eint=0 id=1147 ktype=0
input: type=binary m0=27.7207 m1=19.2369 R0=0.000587679 R1=0.000407822 Eint1=0 Eint2=0 id0=13077 id1=100017 a=2446.24 e=0.264444 ktype1=14 ktype2=14
status: DE/E=1.58707e-08 DE=-1.88798e-13 DL/L=9.06115e-10 DL=2.08969e-13 DE_GW/E=2.40328e-18 DE_GW=-2.85894e-23 v_esc_cluster[km/s]=7.70338 tcpu=0.01
outcome: nstar=3 nobj=2:  0 [1 2] (single-binary)
output: type=single m=0.113421 R=0.136201 Eint=0 id=1147 ktype=0
output: type=binary m0=27.7207 m1=19.2369 R0=0.000587679 R1=0.000407822 Eint1=0 Eint2=0 id0=13077 id1=100017 a=2445.97 e=0.264935 ktype1=14 ktype2=14
********************************************************************************
type=BB t=0.00197654895
params: b=3.14562 v=0.0228662
input: type=binary m0=0.122166 m1=0.0698752 R0=0.140794 R1=0.160068 Eint1=0 Eint2=0 id0=2145 id1=100220 a=22.3946 e=0.398028 ktype1=0 ktype2=0
input: type=binary m0=16.7688 m1=17.3967 R0=0.000355498 R1=0.00036881 Eint1=0 Eint2=0 id0=23071 id1=100033 a=781.196 e=0.332882 ktype1=14 ktype2=14
status: DE/E=2.59783e-08 DE=-1.57612e-12 DL/L=1.38707e-09 DL=1.03333e-12 DE_GW/E=4.0984e-17 DE_GW=-2.48652e-21 v_esc_cluster[km/s]=7.60335 tcpu=0.02
outcome: nstar=4 nobj=3:  0 1 [2 3] (single-single-binary)
output: type=single m=0.122166 R=0.140794 Eint=0 id=2145 ktype=0
output: type=single m=0.0698752 R=0.160068 Eint=0 id=100220 ktype=0
output: type=binary m0=16.7688 m1=17.3967 R0=0.000355498 R1=0.00036881 Eint1=0 Eint2=0 id0=23071 id1=100033 a=772.221 e=0.32823 ktype1=14 ktype2=14
********************************************************************************
type=BS t=0.00197654895
params: b=1.05876 v=0.294209
input: type=single m=1.09253 R=1.00451 Eint=0 id=31677 ktype=1
input: type=binary m0=34.0117 m1=22.9838 R0=0.000721047 R1=0.000487256 Eint1=0 Eint2=0 id0=21849 id1=100031 a=4737.93 e=0.356375 ktype1=14 ktype2=14
status: DE/E=1.78162e-08 DE=-1.19618e-11 DL/L=4.82826e-10 DL=2.20106e-12 DE_GW/E=4.42537e-18 DE_GW=-2.97118e-21 v_esc_cluster[km/s]=7.54558 tcpu=0.01
outcome: nstar=3 nobj=2:  0 [1 2] (single-binary)
output: type=single m=1.09253 R=1.00451 Eint=0 id=31677 ktype=1
output: type=binary m0=34.0117 m1=22.9838 R0=0.000721047 R1=0.000487256 Eint1=0 Eint2=0 id0=21849 id1=100031 a=4704.01 e=0.382108 ktype1=14 ktype2=14
********************************************************************************
type=BS t=0.00197654895
params: b=1.52618 v=0.114032
input: type=single m=0.0927865 R=0.14563 Eint=0 id=44178 ktype=0
input: type=binary m0=34.6785 m1=30.1274 R0=0.000735184 R1=0.000638701 Eint1=0 Eint2=0 id0=34276 id1=100050 a=5076.79 e=0.202929 ktype1=14 ktype2=14
status: DE/E=1.73957e-08 DE=-7.05397e-14 DL/L=2.34091e-09 DL=2.50004e-13 DE_GW/E=5.76816e-19 DE_GW=-2.33899e-24 v_esc_cluster[km/s]=7.21883 tcpu=0
outcome: nstar=3 nobj=2:  0 [1 2] (single-binary)
output: type=single m=0.0927865 R=0.14563 Eint=0 id=44178 ktype=0
output: type=binary m0=34.6785 m1=30.1274 R0=0.000735184 R1=0.000638701 Eint1=0 Eint2=0 id0=34276 id1=100050 a=5081.35 e=0.202678 ktype1=14 ktype2=14
********************************************************************************
type=BS t=0.00197654895
params: b=1.97432 v=0.080036
input: type=single m=0.257208 R=0.264484 Eint=0 id=10140 ktype=0
input: type=binary m0=30.245 m1=19.8691 R0=0.000641193 R1=0.000421226 Eint1=0 Eint2=0 id0=31699 id1=100043 a=1361.48 e=0.0802166 ktype1=14 ktype2=14
status: DE/E=5.11009e-08 DE=-2.76629e-12 DL/L=1.5588e-08 DL=1.16356e-11 DE_GW/E=1.0988e-17 DE_GW=-5.94826e-22 v_esc_cluster[km/s]=7.17587 tcpu=0
outcome: nstar=3 nobj=2:  0 [1 2] (single-binary)
output: type=single m=0.257208 R=0.264484 Eint=0 id=10140 ktype=0
output: type=binary m0=30.245 m1=19.8691 R0=0.000641193 R1=0.000421226 Eint1=0 Eint2=0 id0=31699 id1=100043 a=1360.38 e=0.0856799 ktype1=14 ktype2=14
********************************************************************************
type=BS t=0.00197654895
params: b=3.27442 v=0.0391977
input: type=single m=0.0952176 R=0.14438 Eint=0 id=30075 ktype=0
input: type=binary m0=32.2692 m1=24.2754 R0=0.000684107 R1=0.000514638 Eint1=0 Eint2=0 id0=10974 id1=100013 a=669.028 e=0.0151311 ktype1=14 ktype2=14
status: DE/E=3.84275e-08 DE=-2.2129e-13 DL/L=1.98018e-08 DL=2.75185e-12 DE_GW/E=5.08669e-17 DE_GW=-2.92925e-22 v_esc_cluster[km/s]=7.04959 tcpu=0.01
outcome: nstar=3 nobj=2:  0 [1 2] (single-binary)
output: type=single m=0.0952176 R=0.14438 Eint=0 id=30075 ktype=0
output: type=binary m0=32.2692 m1=24.2754 R0=0.000684107 R1=0.000514638 Eint1=0 Eint2=0 id0=10974 id1=100013 a=668.111 e=0.0159561 ktype1=14 ktype2=14
********************************************************************************
type=BS t=0.00205285837
params: b=8.21698 v=0.0245581
input: type=single m=0.190102 R=0.21113 Eint=0 id=13963 ktype=0
input: type=binary m0=16.7688 m1=17.3967 R0=0.000355498 R1=0.00036881 Eint1=0 Eint2=0 id0=23071 id1=100033 a=772.221 e=0.32823 ktype1=14 ktype2=14
status: DE/E=1.35292e-06 DE=-8.28255e-11 DL/L=3.09846e-08 DL=2.38312e-11 DE_GW/E=2.13307e-17 DE_GW=-1.30586e-21 v_esc_cluster[km/s]=7.68076 tcpu=0.3
outcome: nstar=3 nobj=2:  0 [1 2] (single-binary)
output: type=single m=0.190102 R=0.21113 Eint=0 id=13963 ktype=0
output: type=binary m0=16.7688 m1=17.3967 R0=0.000355498 R1=0.00036881 Eint1=0 Eint2=0 id0=23071 id1=100033 a=753.213 e=0.392651 ktype1=14 ktype2=14
********************************************************************************
type=BS t=0.00205285837
params: b=2.05355 v=0.118934
input: type=single m=0.0862537 R=0.149217 Eint=0 id=442 ktype=0
input: type=binary m0=27.7207 m1=19.2369 R0=0.000587679 R1=0.000407822 Eint1=0 Eint2=0 id0=13077 id1=100017 a=2445.97 e=0.264935 ktype1=14 ktype2=14
status: DE/E=1.56229e-08 DE=-1.07045e-13 DL/L=7.11201e-10 DL=1.11718e-13 DE_GW/E=1.68666e-18 DE_GW=-1.15567e-23 v_esc_cluster[km/s]=7.50077 tcpu=0.01
outcome: nstar=3 nobj=2:  0 [1 2] (single-binary)
output: type=single m=0.0862537 R=0.149217 Eint=0 id=442 ktype=0
output: type=binary m0=27.7207 m1=19.2369 R0=0.000587679 R1=0.000407822 Eint1=0 Eint2=0 id0=13077 id1=100017 a=2445.29 e=0.265077 ktype1=14 ktype2=14
********************************************************************************
type=BS t=0.00205285837
params: b=2.53682 v=0.216074
input: type=single m=1.21193 R=1.07408 Eint=0 id=12431 ktype=1
input: type=binary m0=34.6785 m1=30.1274 R0=0.000735184 R1=0.000638701 Eint1=0 Eint2=0 id0=34276 id1=100050 a=5081.35 e=0.202678 ktype1=14 ktype2=14
status: DE/E=5.30297e-08 DE=-3.42425e-11 DL/L=3.14021e-09 DL=1.54065e-11 DE_GW/E=4.79626e-18 DE_GW=-3.09706e-21 v_esc_cluster[km/s]=7.4749 tcpu=0.01
outcome: nstar=3 nobj=2:  0 [1 2] (single-binary)
output: type=single m=1.21193 R=1.07408 Eint=0 id=12431 ktype=1
output: type=binary m0=34.6785 m1=30.1274 R0=0.000735184 R1=0.000638701 Eint1=0 Eint2=0 id0=34276 id1=100050 a=5086.57 e=0.209154 ktype1=14 ktype2=14
********************************************************************************
type=BS t=0.00205285837
params: b=2.14099 v=0.287419
input: type=single m=0.602874 R=0.544753 Eint=0 id=25558 ktype=0
input: type=binary m0=34.0117 m1=22.9838 R0=0.000721047 R1=0.000487256 Eint1=0 Eint2=0 id0=21849 id1=100031 a=4704.01 e=0.382108 ktype1=14 ktype2=14
status: DE/E=6.02779e-09 DE=-1.25877e-12 DL/L=8.27322e-11 DL=1.71991e-13 DE_GW/E=2.10907e-18 DE_GW=-4.40432e-22 v_esc_cluster[km/s]=7.40993 tcpu=0.01
outcome: nstar=3 nobj=2:  0 [1 2] (single-binary)
output: type=single m=0.602874 R=0.544753 Eint=0 id=25558 ktype=0
output: type=binary m0=34.0117 m1=22.9838 R0=0.000721047 R1=0.000487256 Eint1=0 Eint2=0 id0=21849 id1=100031 a=4709.64 e=0.385458 ktype1=14 ktype2=14
********************************************************************************
type=BS t=0.00213029707
params: b=2.70996 v=0.11382
input: type=single m=0.195613 R=0.21594 Eint=0 id=32804 ktype=0
input: type=binary m0=30.245 m1=19.8691 R0=0.000641193 R1=0.000421226 Eint1=0 Eint2=0 id0=31699 id1=100043 a=1360.38 e=0.0856799 ktype1=14 ktype2=14
status: DE/E=3.90629e-08 DE=-1.218e-12 DL/L=1.17792e-08 DL=5.86492e-12 DE_GW/E=2.03716e-17 DE_GW=-6.35199e-22 v_esc_cluster[km/s]=7.72213 tcpu=0.01
outcome: nstar=3 nobj=2:  0 [1 2] (single-binary)
output: type=single m=0.195613 R=0.21594 Eint=0 id=32804 ktype=0
output: type=binary m0=30.245 m1=19.8691 R0=0.000641193 R1=0.000421226 Eint1=0 Eint2=0 id0=31699 id1=100043 a=1358.31 e=0.0866756 ktype1=14 ktype2=14
********************************************************************************
type=BS t=0.00213029707
params: b=1.90579 v=0.12941
input: type=single m=0.27686 R=0.278648 Eint=0 id=25138 ktype=0
input: type=binary m0=34.0117 m1=22.9838 R0=0.000721047 R1=0.000487256 Eint1=0 Eint2=0 id0=21849 id1=100031 a=4709.64 e=0.385458 ktype1=14 ktype2=14
status: DE/E=5.13113e-08 DE=-2.44969e-12 DL/L=1.37211e-09 DL=8.54258e-13 DE_GW/E=1.92382e-20 DE_GW=-9.18466e-25 v_esc_cluster[km/s]=7.1952 tcpu=0.01
outcome: nstar=3 nobj=2:  0 [1 2] (single-binary)
output: type=single m=0.27686 R=0.278648 Eint=0 id=25138 ktype=0
output: type=binary m0=34.0117 m1=22.9838 R0=0.000721047 R1=0.000487256 Eint1=0 Eint2=0 id0=21849 id1=100031 a=4732.55 e=0.381675 ktype1=14 ktype2=14
********************************************************************************
type=BS t=0.00213029707
params: b=2.44547 v=0.488639
input: type=single m=4.2541 R=2.14078 Eint=0 id=36031 ktype=1
input: type=binary m0=27.7207 m1=19.2369 R0=0.000587679 R1=0.000407822 Eint1=0 Eint2=0 id0=13077 id1=100017 a=2445.29 e=0.265077 ktype1=14 ktype2=14
status: DE/E=-2.42467e-07 DE=2.63323e-09 DL/L=4.78327e-10 DL=1.46801e-11 DE_GW/E=7.66721e-18 DE_GW=-8.32671e-20 v_esc_cluster[km/s]=7.16227 tcpu=0.01
outcome: nstar=3 nobj=2:  0 [1 2] (single-binary)
output: type=single m=4.2541 R=2.14078 Eint=0 id=36031 ktype=1
output: type=binary m0=27.7207 m1=19.2369 R0=0.000587679 R1=0.000407822 Eint1=0 Eint2=0 id0=13077 id1=100017 a=2443.96 e=0.263377 ktype1=14 ktype2=14
********************************************************************************
type=BS t=0.00213029707
params: b=1.3192 v=0.286279
input: type=single m=0.619025 R=0.561442 Eint=0 id=72038 ktype=0
input: type=binary m0=34.6785 m1=30.1274 R0=0.000735184 R1=0.000638701 Eint1=0 Eint2=0 id0=34276 id1=100050 a=5086.57 e=0.209154 ktype1=14 ktype2=14
status: DE/E=1.48466e-08 DE=-2.45244e-12 DL/L=2.05067e-09 DL=3.90632e-12 DE_GW/E=4.28741e-18 DE_GW=-7.08216e-22 v_esc_cluster[km/s]=6.86518 tcpu=0
outcome: nstar=3 nobj=2:  0 [1 2] (single-binary)
output: type=single m=0.619025 R=0.561442 Eint=0 id=72038 ktype=0
output: type=binary m0=34.6785 m1=30.1274 R0=0.000735184 R1=0.000638701 Eint1=0 Eint2=0 id0=34276 id1=100050 a=4951.5 e=0.230283 ktype1=14 ktype2=14
********************************************************************************
type=BS t=0.00213029707
params: b=2.51662 v=0.805031
input: type=single m=0.085709 R=0.149533 Eint=0 id=9349 ktype=0
input: type=binary m0=0.170478 m1=0.136771 R0=0.193107 R1=0.158035 Eint1=0 Eint2=0 id0=23019 id1=101270 a=7.91242 e=0.946557 ktype1=0 ktype2=0
status: DE/E=3.66281e-07 DE=-1.2414e-08 DL/L=3.9129e-10 DL=1.7091e-10 DE_GW/E=-0 DE_GW=0 v_esc_cluster[km/s]=6.85536 tcpu=0.04
outcome: nstar=3 nobj=2:  0 [1 2] (single-binary)
output: type=single m=0.085709 R=0.149533 Eint=0 id=9349 ktype=0
output: type=binary m0=0.170478 m1=0.136771 R0=0.193107 R1=0.158035 Eint1=0 Eint2=0 id0=23019 id1=101270 a=7.53374 e=0.916062 ktype1=0 ktype2=0
********************************************************************************
type=BS t=0.00222595139
params: b=3.09868 v=0.0420869
input: type=single m=0.0809834 R=0.152386 Eint=0 id=16572 ktype=0
input: type=binary m0=27.7207 m1=19.2369 R0=0.000587679 R1=0.000407822 Eint1=0 Eint2=0 id0=13077 id1=100017 a=2443.96 e=0.263377 ktype1=14 ktype2=14
status: DE/E=4.08021e-08 DE=-2.49597e-13 DL/L=3.26556e-09 DL=4.57898e-13 DE_GW/E=1.23311e-18 DE_GW=-7.54324e-24 v_esc_cluster[km/s]=7.55299 tcpu=0
outcome: nstar=3 nobj=2:  0 [1 2] (single-binary)
output: type=single m=0.0809834 R=0.152386 Eint=0 id=16572 ktype=0
output: type=binary m0=27.7207 m1=19.2369 R0=0.000587679 R1=0.000407822 Eint1=0 Eint2=0 id0=13077 id1=100017 a=2444.72 e=0.261225 ktype1=14 ktype2=14
********************************************************************************
type=BS t=0.00222595139
params: b=3.56697 v=0.0579489
input: type=single m=0.0954086 R=0.144283 Eint=0 id=13312 ktype=0
input: type=binary m0=16.7688 m1=17.3967 R0=0.000355498 R1=0.00036881 Eint1=0 Eint2=0 id0=23071 id1=100033 a=753.213 e=0.392651 ktype1=14 ktype2=14
status: DE/E=5.095e-08 DE=-7.87839e-13 DL/L=1.66183e-09 DL=4.56292e-13 DE_GW/E=3.79925e-17 DE_GW=-5.87477e-22 v_esc_cluster[km/s]=7.43755 tcpu=0
outcome: nstar=3 nobj=2:  0 [1 2] (single-binary)
output: type=single m=0.0954086 R=0.144283 Eint=0 id=13312 ktype=0
output: type=binary m0=16.7688 m1=17.3967 R0=0.000355498 R1=0.00036881 Eint1=0 Eint2=0 id0=23071 id1=100033 a=752.782 e=0.39492 ktype1=14 ktype2=14
********************************************************************************
type=BS t=0.00222595139
params: b=0.0918809 v=0.268066
input: type=single m=0.280116 R=0.280959 Eint=0 id=64535 ktype=0
input: type=binary m0=34.0117 m1=22.9838 R0=0.000721047 R1=0.000487256 Eint1=0 Eint2=0 id0=21849 id1=100031 a=4732.55 e=0.381675 ktype1=14 ktype2=14
status: DE/E=1.70807e-08 DE=-7.87878e-13 DL/L=4.0569e-10 DL=2.62234e-13 DE_GW/E=1.54478e-18 DE_GW=-7.12555e-23 v_esc_cluster[km/s]=7.22884 tcpu=0
outcome: nstar=3 nobj=2:  0 [1 2] (single-binary)
output: type=single m=0.280116 R=0.280959 Eint=0 id=64535 ktype=0
output: type=binary m0=34.0117 m1=22.9838 R0=0.000721047 R1=0.000487256 Eint1=0 Eint2=0 id0=21849 id1=100031 a=4832.95 e=0.388525 ktype1=14 ktype2=14
********************************************************************************
type=BS t=0.00222595139
params: b=1.59782 v=0.0977241
input: type=single m=0.147863 R=0.170243 Eint=0 id=5058 ktype=0
input: type=binary m0=34.6785 m1=30.1274 R0=0.000735184 R1=0.000638701 Eint1=0 Eint2=0 id0=34276 id1=100050 a=4951.5 e=0.230283 ktype1=14 ktype2=14
status: DE/E=2.2602e-08 DE=-2.33166e-13 DL/L=1.39263e-09 DL=2.95084e-13 DE_GW/E=1.34289e-18 DE_GW=-1.38535e-23 v_esc_cluster[km/s]=7.20697 tcpu=0
outcome: nstar=3 nobj=2:  0 [1 2] (single-binary)
output: type=single m=0.147863 R=0.170243 Eint=0 id=5058 ktype=0
output: type=binary m0=34.6785 m1=30.1274 R0=0.000735184 R1=0.000638701 Eint1=0 Eint2=0 id0=34276 id1=100050 a=4931.87 e=0.228025 ktype1=14 ktype2=14
********************************************************************************
type=BS t=0.00222595139
params: b=1.72423 v=0.0379359
input: type=single m=0.0821517 R=0.151661 Eint=0 id=36075 ktype=0
input: type=binary m0=30.245 m1=19.8691 R0=0.000641193 R1=0.000421226 Eint1=0 Eint2=0 id0=31699 id1=100043 a=1358.31 e=0.0866756 ktype1=14 ktype2=14
status: DE/E=1.55286e-08 DE=-8.67872e-14 DL/L=8.63168e-09 DL=1.16471e-12 DE_GW/E=1.0571e-17 DE_GW=-5.90795e-23 v_esc_cluster[km/s]=7.05739 tcpu=0.01
outcome: nstar=3 nobj=2:  0 [1 2] (single-binary)
output: type=single m=0.0821517 R=0.151661 Eint=0 id=36075 ktype=0
output: type=binary m0=30.245 m1=19.8691 R0=0.000641193 R1=0.000421226 Eint1=0 Eint2=0 id0=31699 id1=100043 a=1347.29 e=0.0961701 ktype1=14 ktype2=14
********************************************************************************
type=BS t=0.00232862007
params: b=3.21795 v=0.121172
input: type=single m=0.312678 R=0.303734 Eint=0 id=46235 ktype=0
input: type=binary m0=16.7688 m1=17.3967 R0=0.000355498 R1=0.00036881 Eint1=0 Eint2=0 id0=23071 id1=100033 a=752.782 e=0.39492 ktype1=14 ktype2=14
status: DE/E=3.74016e-08 DE=-6.06385e-12 DL/L=1.55103e-09 DL=2.59377e-12 DE_GW/E=3.96074e-17 DE_GW=-6.42147e-21 v_esc_cluster[km/s]=7.64818 tcpu=0.01
outcome: nstar=3 nobj=2:  0 [1 2] (single-binary)
output: type=single m=0.312678 R=0.303734 Eint=0 id=46235 ktype=0
output: type=binary m0=16.7688 m1=17.3967 R0=0.000355498 R1=0.00036881 Eint1=0 Eint2=0 id0=23071 id1=100033 a=745.96 e=0.407003 ktype1=14 ktype2=14
********************************************************************************
type=BS t=0.00232862007
params: b=3.27625 v=0.0836184
input: type=single m=0.171382 R=0.193971 Eint=0 id=3632 ktype=0
input: type=binary m0=34.0117 m1=22.9838 R0=0.000721047 R1=0.000487256 Eint1=0 Eint2=0 id0=21849 id1=100031 a=4832.95 e=0.388525 ktype1=14 ktype2=14
status: DE/E=3.78334e-08 DE=-7.01573e-13 DL/L=1.91855e-09 DL=5.91565e-13 DE_GW/E=1.28553e-21 DE_GW=-2.38385e-26 v_esc_cluster[km/s]=7.47684 tcpu=0
outcome: nstar=3 nobj=2:  0 [1 2] (single-binary)
output: type=single m=0.171382 R=0.193971 Eint=0 id=3632 ktype=0
output: type=binary m0=34.0117 m1=22.9838 R0=0.000721047 R1=0.000487256 Eint1=0 Eint2=0 id0=21849 id1=100031 a=4830.85 e=0.388292 ktype1=14 ktype2=14
********************************************************************************
type=BS t=0.00232862007
params: b=2.71143 v=0.21596
input: type=single m=0.57821 R=0.519737 Eint=0 id=4901 ktype=0
input: type=binary m0=27.7207 m1=19.2369 R0=0.000587679 R1=0.000407822 Eint1=0 Eint2=0 id0=13077 id1=100017 a=2444.72 e=0.261225 ktype1=14 ktype2=14
status: DE/E=-9.05169e-10 DE=2.63973e-13 DL/L=1.57782e-09 DL=3.95943e-12 DE_GW/E=5.89079e-18 DE_GW=-1.71792e-21 v_esc_cluster[km/s]=7.24008 tcpu=0
outcome: nstar=3 nobj=2:  0 [1 2] (single-binary)
output: type=single m=0.57821 R=0.519737 Eint=0 id=4901 ktype=0
output: type=binary m0=27.7207 m1=19.2369 R0=0.000587679 R1=0.000407822 Eint1=0 Eint2=0 id0=13077 id1=100017 a=2447.55 e=0.263268 ktype1=14 ktype2=14
********************************************************************************
type=BS t=0.00232862007
params: b=1.35411 v=0.144136
input: type=single m=0.244501 R=0.255075 Eint=0 id=43991 ktype=0
input: type=binary m0=34.6785 m1=30.1274 R0=0.000735184 R1=0.000638701 Eint1=0 Eint2=0 id0=34276 id1=100050 a=4931.87 e=0.228025 ktype1=14 ktype2=14
status: DE/E=2.31497e-08 DE=-6.43674e-13 DL/L=1.12107e-09 DL=5.06883e-13 DE_GW/E=1.36306e-18 DE_GW=-3.78998e-23 v_esc_cluster[km/s]=7.21084 tcpu=0.01
outcome: nstar=3 nobj=2:  0 [1 2] (single-binary)
output: type=single m=0.244501 R=0.255075 Eint=0 id=43991 ktype=0
output: type=binary m0=34.6785 m1=30.1274 R0=0.000735184 R1=0.000638701 Eint1=0 Eint2=0 id0=34276 id1=100050 a=4964.52 e=0.228055 ktype1=14 ktype2=14
********************************************************************************
type=BS t=0.00232862007
params: b=2.70109 v=0.107146
input: type=single m=0.774659 R=0.720967 Eint=0 id=7989 ktype=1
input: type=binary m0=32.2692 m1=24.2754 R0=0.000684107 R1=0.000514638 Eint1=0 Eint2=0 id0=10974 id1=100013 a=668.111 e=0.0159561 ktype1=14 ktype2=14
status: DE/E=1.03937e-07 DE=-3.82979e-11 DL/L=2.31471e-08 DL=7.75372e-11 DE_GW/E=2.04686e-16 DE_GW=-7.54209e-20 v_esc_cluster[km/s]=7.00275 tcpu=0
outcome: nstar=3 nobj=2:  0 [1 2] (single-binary)
output: type=single m=0.774659 R=0.720967 Eint=0 id=7989 ktype=1
output: type=binary m0=32.2692 m1=24.2754 R0=0.000684107 R1=0.000514638 Eint1=0 Eint2=0 id0=10974 id1=100013 a=655.866 e=0.0153275 ktype1=14 ktype2=14
********************************************************************************
type=BS t=0.00232862007
params: b=5.02373 v=0.069536
input: type=single m=0.354481 R=0.33279 Eint=0 id=77652 ktype=0
input: type=binary m0=18.6338 m1=19.1399 R0=0.000395036 R1=0.000405765 Eint1=0 Eint2=0 id0=96946 id1=100129 a=2866.31 e=0.159632 ktype1=14 ktype2=14
status: DE/E=3.79788e-08 DE=-6.53493e-12 DL/L=2.17447e-08 DL=3.67718e-11 DE_GW/E=1.64782e-18 DE_GW=-2.83537e-22 v_esc_cluster[km/s]=5.62366 tcpu=0
outcome: nstar=3 nobj=2:  0 [1 2] (single-binary)
output: type=single m=0.354481 R=0.33279 Eint=0 id=77652 ktype=0
output: type=binary m0=18.6338 m1=19.1399 R0=0.000395036 R1=0.000405765 Eint1=0 Eint2=0 id0=96946 id1=100129 a=2869.72 e=0.159873 ktype1=14 ktype2=14
********************************************************************************
type=BS t=0.00239774808
params: b=1.88558 v=0.113043
input: type=single m=0.0978104 R=0.143092 Eint=0 id=63499 ktype=0
input: type=binary m0=27.7207 m1=19.2369 R0=0.000587679 R1=0.000407822 Eint1=0 Eint2=0 id0=13077 id1=100017 a=2447.55 e=0.263268 ktype1=14 ktype2=14
status: DE/E=2.05278e-08 DE=-1.8103e-13 DL/L=9.42859e-10 DL=1.73531e-13 DE_GW/E=2.03071e-18 DE_GW=-1.79084e-23 v_esc_cluster[km/s]=7.66321 tcpu=0.01
outcome: nstar=3 nobj=2:  0 [1 2] (single-binary)
output: type=single m=0.0978104 R=0.143092 Eint=0 id=63499 ktype=0
output: type=binary m0=27.7207 m1=19.2369 R0=0.000587679 R1=0.000407822 Eint1=0 Eint2=0 id0=13077 id1=100017 a=2446.39 e=0.26421 ktype1=14 ktype2=14
********************************************************************************
type=BS t=0.00239774808
params: b=2.34891 v=0.149368
input: type=single m=0.212769 R=0.230326 Eint=0 id=33946 ktype=0
input: type=binary m0=34.0117 m1=22.9838 R0=0.000721047 R1=0.000487256 Eint1=0 Eint2=0 id0=21849 id1=100031 a=4830.85 e=0.388292 ktype1=14 ktype2=14
status: DE/E=2.83384e-08 DE=-7.96301e-13 DL/L=6.24135e-10 DL=2.57887e-13 DE_GW/E=2.53008e-18 DE_GW=-7.10945e-23 v_esc_cluster[km/s]=7.12013 tcpu=0.01
outcome: nstar=3 nobj=2:  0 [1 2] (single-binary)
output: type=single m=0.212769 R=0.230326 Eint=0 id=33946 ktype=0
output: type=binary m0=34.0117 m1=22.9838 R0=0.000721047 R1=0.000487256 Eint1=0 Eint2=0 id0=21849 id1=100031 a=4830.26 e=0.388173 ktype1=14 ktype2=14
********************************************************************************
type=BS t=0.00239774808
params: b=3.48213 v=0.0879928
input: type=single m=0.291201 R=0.288771 Eint=0 id=13232 ktype=0
input: type=binary m0=34.6785 m1=30.1274 R0=0.000735184 R1=0.000638701 Eint1=0 Eint2=0 id0=34276 id1=100050 a=4964.52 e=0.228055 ktype1=14 ktype2=14
status: DE/E=3.7298e-08 DE=-1.4885e-12 DL/L=1.75913e-09 DL=1.03124e-12 DE_GW/E=1.62113e-18 DE_GW=-6.46965e-23 v_esc_cluster[km/s]=6.93681 tcpu=0.01
outcome: nstar=3 nobj=2:  0 [1 2] (single-binary)
output: type=single m=0.291201 R=0.288771 Eint=0 id=13232 ktype=0
output: type=binary m0=34.6785 m1=30.1274 R0=0.000735184 R1=0.000638701 Eint1=0 Eint2=0 id0=34276 id1=100050 a=4967.84 e=0.230535 ktype1=14 ktype2=14
********************************************************************************
type=BS t=0.00250731065
params: b=2.11494 v=0.12324
input: type=single m=1.70818 R=1.13985 Eint=0 id=30275 ktype=1
input: type=binary m0=32.2692 m1=24.2754 R0=0.000684107 R1=0.000514638 Eint1=0 Eint2=0 id0=10974 id1=100013 a=655.866 e=0.0153275 ktype1=14 ktype2=14
status: DE/E=6.34921e-08 DE=-1.09724e-10 DL/L=1.7161e-08 DL=1.68737e-10 DE_GW/E=4.85488e-16 DE_GW=-8.38999e-19 v_esc_cluster[km/s]=7.57622 tcpu=0
outcome: nstar=3 nobj=2:  0 [1 2] (single-binary)
output: type=single m=1.70818 R=1.13985 Eint=0 id=30275 ktype=1
output: type=binary m0=32.2692 m1=24.2754 R0=0.000684107 R1=0.000514638 Eint1=0 Eint2=0 id0=10974 id1=100013 a=625.06 e=0.281053 ktype1=14 ktype2=14
********************************************************************************
type=BB t=0.00250731065
params: b=1.63382 v=0.127015
input: type=binary m0=16.7688 m1=17.3967 R0=0.000355498 R1=0.00036881 Eint1=0 Eint2=0 id0=23071 id1=100033 a=745.96 e=0.407003 ktype1=14 ktype2=14
input: type=binary m0=0.106521 m1=0.0123526 R0=0.139081 R1=0.285206 Eint1=0 Eint2=0 id0=60653 id1=103145 a=3.01238 e=0.938421 ktype1=0 ktype2=0
status: DE/E=3.32557e-08 DE=-7.8293e-13 DL/L=1.1891e-09 DL=4.47876e-13 DE_GW/E=1.26504e-16 DE_GW=-2.97825e-21 v_esc_cluster[km/s]=7.54262 tcpu=0.14
outcome: nstar=4 nobj=2:  [0 1] [2 3] (binary-binary)
output: type=binary m0=16.7688 m1=17.3967 R0=0.000355498 R1=0.00036881 Eint1=0 Eint2=0 id0=23071 id1=100033 a=747.508 e=0.408171 ktype1=14 ktype2=14
output: type=binary m0=0.106521 m1=0.0123526 R0=0.139081 R1=0.285206 Eint1=0 Eint2=0 id0=60653 id1=103145 a=3.01238 e=0.939215 ktype1=0 ktype2=0
********************************************************************************
type=BS t=0.00250731065
params: b=2.48031 v=0.134121
input: type=single m=0.195825 R=0.216123 Eint=0 id=4204 ktype=0
input: type=binary m0=34.0117 m1=22.9838 R0=0.000721047 R1=0.000487256 Eint1=0 Eint2=0 id0=21849 id1=100031 a=4830.26 e=0.388173 ktype1=14 ktype2=14
status: DE/E=2.51021e-08 DE=-6.00485e-13 DL/L=1.46165e-10 DL=5.48076e-14 DE_GW/E=2.08826e-18 DE_GW=-4.99548e-23 v_esc_cluster[km/s]=7.5124 tcpu=0
outcome: nstar=3 nobj=2:  0 [1 2] (single-binary)
output: type=single m=0.195825 R=0.216123 Eint=0 id=4204 ktype=0
output: type=binary m0=34.0117 m1=22.9838 R0=0.000721047 R1=0.000487256 Eint1=0 Eint2=0 id0=21849 id1=100031 a=4829.87 e=0.388405 ktype1=14 ktype2=14
********************************************************************************
type=BS t=0.00250731065
params: b=1.16365 v=0.241911
input: type=single m=0.302845 R=0.296903 Eint=0 id=2316 ktype=0
input: type=binary m0=34.6785 m1=30.1274 R0=0.000735184 R1=0.000638701 Eint1=0 Eint2=0 id0=34276 id1=100050 a=4967.84 e=0.230535 ktype1=14 ktype2=14
status: DE/E=-1.55152e-08 DE=6.35195e-13 DL/L=7.75794e-10 DL=4.64113e-13 DE_GW/E=1.44595e-18 DE_GW=-5.91973e-23 v_esc_cluster[km/s]=7.36773 tcpu=0
outcome: nstar=3 nobj=2:  0 [1 2] (single-binary)
output: type=single m=0.302845 R=0.296903 Eint=0 id=2316 ktype=0
output: type=binary m0=34.6785 m1=30.1274 R0=0.000735184 R1=0.000638701 Eint1=0 Eint2=0 id0=34276 id1=100050 a=4968.37 e=0.230009 ktype1=14 ktype2=14
********************************************************************************
type=BS t=0.00250731065
params: b=1.95068 v=0.250604
input: type=single m=1.25916 R=1.08855 Eint=0 id=40874 ktype=1
input: type=binary m0=27.7207 m1=19.2369 R0=0.000587679 R1=0.000407822 Eint1=0 Eint2=0 id0=13077 id1=100017 a=2446.39 e=0.26421 ktype1=14 ktype2=14
status: DE/E=1.1146e-07 DE=-1.47286e-10 DL/L=1.84343e-09 DL=1.31923e-11 DE_GW/E=1.11544e-17 DE_GW=-1.47396e-20 v_esc_cluster[km/s]=7.07407 tcpu=0.01
outcome: nstar=3 nobj=2:  0 [1 2] (single-binary)
output: type=single m=1.25916 R=1.08855 Eint=0 id=40874 ktype=1
output: type=binary m0=27.7207 m1=19.2369 R0=0.000587679 R1=0.000407822 Eint1=0 Eint2=0 id0=13077 id1=100017 a=2399 e=0.27943 ktype1=14 ktype2=14
********************************************************************************
type=BS t=0.00258784953
params: b=2.06283 v=0.258236
input: type=single m=0.274568 R=0.277017 Eint=0 id=23242 ktype=0
input: type=binary m0=34.6785 m1=30.1274 R0=0.000735184 R1=0.000638701 Eint1=0 Eint2=0 id0=34276 id1=100050 a=4968.37 e=0.230009 ktype1=14 ktype2=14
status: DE/E=9.40005e-10 DE=-3.13859e-14 DL/L=3.88488e-10 DL=2.11724e-13 DE_GW/E=1.65978e-18 DE_GW=-5.54185e-23 v_esc_cluster[km/s]=7.59042 tcpu=0.01
outcome: nstar=3 nobj=2:  0 [1 2] (single-binary)
output: type=single m=0.274568 R=0.277017 Eint=0 id=23242 ktype=0
output: type=binary m0=34.6785 m1=30.1274 R0=0.000735184 R1=0.000638701 Eint1=0 Eint2=0 id0=34276 id1=100050 a=4963.9 e=0.22922 ktype1=14 ktype2=14
********************************************************************************
type=BS t=0.00258784953
params: b=1.58746 v=0.066203
input: type=single m=0.0859697 R=0.149381 Eint=0 id=38346 ktype=0
input: type=binary m0=34.0117 m1=22.9838 R0=0.000721047 R1=0.000487256 Eint1=0 Eint2=0 id0=21849 id1=100031 a=4829.87 e=0.388405 ktype1=14 ktype2=14
status: DE/E=2.25085e-08 DE=-1.05619e-13 DL/L=8.61623e-10 DL=9.43498e-14 DE_GW/E=1.84389e-19 DE_GW=-8.65225e-25 v_esc_cluster[km/s]=7.25889 tcpu=0.01
outcome: nstar=3 nobj=2:  0 [1 2] (single-binary)
output: type=single m=0.0859697 R=0.149381 Eint=0 id=38346 ktype=0
output: type=binary m0=34.0117 m1=22.9838 R0=0.000721047 R1=0.000487256 Eint1=0 Eint2=0 id0=21849 id1=100031 a=4823.68 e=0.388374 ktype1=14 ktype2=14
********************************************************************************
type=BS t=0.00258784953
params: b=0.696607 v=0.272148
input: type=single m=0.551168 R=0.493153 Eint=0 id=67007 ktype=0
input: type=binary m0=27.7207 m1=19.2369 R0=0.000587679 R1=0.000407822 Eint1=0 Eint2=0 id0=13077 id1=100017 a=2399 e=0.27943 ktype1=14 ktype2=14
status: DE/E=1.26367e-08 DE=-3.25596e-12 DL/L=1.25384e-09 DL=3.00986e-12 DE_GW/E=1.62918e-17 DE_GW=-4.19773e-21 v_esc_cluster[km/s]=7.11305 tcpu=0
outcome: nstar=3 nobj=2:  0 [1 2] (single-binary)
output: type=single m=0.551168 R=0.493153 Eint=0 id=67007 ktype=0
output: type=binary m0=27.7207 m1=19.2369 R0=0.000587679 R1=0.000407822 Eint1=0 Eint2=0 id0=13077 id1=100017 a=2338.92 e=0.303381 ktype1=14 ktype2=14
********************************************************************************
type=BS t=0.00258784953
params: b=0.985946 v=0.0651664
input: type=single m=0.417121 R=0.378198 Eint=0 id=19364 ktype=0
input: type=binary m0=32.2692 m1=24.2754 R0=0.000684107 R1=0.000514638 Eint1=0 Eint2=0 id0=10974 id1=100013 a=625.06 e=0.281053 ktype1=14 ktype2=14
status: DE/E=1.12788e-07 DE=-1.22905e-11 DL/L=4.08523e-09 DL=4.93517e-12 DE_GW/E=1.51236e-16 DE_GW=-1.64802e-20 v_esc_cluster[km/s]=6.78096 tcpu=0.02
outcome: nstar=3 nobj=2:  0 [1 2] (single-binary)
output: type=single m=0.417121 R=0.378198 Eint=0 id=19364 ktype=0
output: type=binary m0=32.2692 m1=24.2754 R0=0.000684107 R1=0.000514638 Eint1=0 Eint2=0 id0=10974 id1=100013 a=623.185 e=0.306273 ktype1=14 ktype2=14
********************************************************************************
type=BS t=0.0026832513
params: b=2.67586 v=0.300256
input: type=single m=1.2558 R=1.08798 Eint=0 id=3131 ktype=1
input: type=binary m0=27.7207 m1=19.2369 R0=0.000587679 R1=0.000407822 Eint1=0 Eint2=0 id0=13077 id1=100017 a=2338.92 e=0.303381 ktype1=14 ktype2=14
status: DE/E=7.23549e-08 DE=-9.23385e-11 DL/L=1.04048e-10 DL=8.46823e-13 DE_GW/E=1.43469e-17 DE_GW=-1.83093e-20 v_esc_cluster[km/s]=7.59291 tcpu=0.01
outcome: nstar=3 nobj=2:  0 [1 2] (single-binary)
output: type=single m=1.2558 R=1.08798 Eint=0 id=3131 ktype=1
output: type=binary m0=27.7207 m1=19.2369 R0=0.000587679 R1=0.000407822 Eint1=0 Eint2=0 id0=13077 id1=100017 a=2324.11 e=0.29841 ktype1=14 ktype2=14
********************************************************************************
type=BS t=0.0026832513
params: b=2.09083 v=0.107078
input: type=single m=0.113992 R=0.135973 Eint=0 id=20791 ktype=0
input: type=binary m0=34.6785 m1=30.1274 R0=0.000735184 R1=0.000638701 Eint1=0 Eint2=0 id0=34276 id1=100050 a=4963.9 e=0.22922 ktype1=14 ktype2=14
status: DE/E=1.61789e-08 DE=-9.91088e-14 DL/L=1.55653e-09 DL=2.21187e-13 DE_GW/E=1.26914e-18 DE_GW=-7.7745e-24 v_esc_cluster[km/s]=7.21434 tcpu=0
outcome: nstar=3 nobj=2:  0 [1 2] (single-binary)
output: type=single m=0.113992 R=0.135973 Eint=0 id=20791 ktype=0
output: type=binary m0=34.6785 m1=30.1274 R0=0.000735184 R1=0.000638701 Eint1=0 Eint2=0 id0=34276 id1=100050 a=4964.61 e=0.229627 ktype1=14 ktype2=14
********************************************************************************
type=BS t=0.0026832513
params: b=1.55635 v=0.0941178
input: type=single m=0.159399 R=0.18222 Eint=0 id=5975 ktype=0
input: type=binary m0=34.0117 m1=22.9838 R0=0.000721047 R1=0.000487256 Eint1=0 Eint2=0 id0=21849 id1=100031 a=4823.68 e=0.388374 ktype1=14 ktype2=14
status: DE/E=2.89056e-08 DE=-4.63003e-13 DL/L=5.9495e-10 DL=1.66221e-13 DE_GW/E=3.01388e-19 DE_GW=-4.82756e-24 v_esc_cluster[km/s]=7.20618 tcpu=0.01
outcome: nstar=3 nobj=2:  0 [1 2] (single-binary)
output: type=single m=0.159399 R=0.18222 Eint=0 id=5975 ktype=0
output: type=binary m0=34.0117 m1=22.9838 R0=0.000721047 R1=0.000487256 Eint1=0 Eint2=0 id0=21849 id1=100031 a=4845.83 e=0.386056 ktype1=14 ktype2=14
********************************************************************************
type=BS t=0.0026832513
params: b=1.07879 v=0.238453
input: type=single m=0.188441 R=0.20966 Eint=0 id=29888 ktype=0
input: type=binary m0=18.6338 m1=19.1399 R0=0.000395036 R1=0.000405765 Eint1=0 Eint2=0 id0=96946 id1=100129 a=2869.72 e=0.159873 ktype1=14 ktype2=14
status: DE/E=2.35806e-08 DE=-1.0962e-12 DL/L=3.62438e-09 DL=2.50268e-12 DE_GW/E=1.23075e-18 DE_GW=-5.72144e-23 v_esc_cluster[km/s]=7.18593 tcpu=0
outcome: nstar=3 nobj=2:  0 [1 2] (single-binary)
output: type=single m=0.188441 R=0.20966 Eint=0 id=29888 ktype=0
output: type=binary m0=18.6338 m1=19.1399 R0=0.000395036 R1=0.000405765 Eint1=0 Eint2=0 id0=96946 id1=100129 a=2885.65 e=0.165557 ktype1=14 ktype2=14
********************************************************************************
type=BS t=0.0026832513
params: b=2.80197 v=0.207126
input: type=single m=0.502127 R=0.447742 Eint=0 id=19291 ktype=0
input: type=binary m0=30.245 m1=19.8691 R0=0.000641193 R1=0.000421226 Eint1=0 Eint2=0 id0=31699 id1=100043 a=1347.29 e=0.0961701 ktype1=14 ktype2=14
status: DE/E=-1.54482e-08 DE=3.04046e-12 DL/L=1.25221e-08 DL=2.35681e-11 DE_GW/E=1.61294e-17 DE_GW=-3.17453e-21 v_esc_cluster[km/s]=7.11623 tcpu=0.01
outcome: nstar=3 nobj=2:  0 [1 2] (single-binary)
output: type=single m=0.502127 R=0.447742 Eint=0 id=19291 ktype=0
output: type=binary m0=30.245 m1=19.8691 R0=0.000641193 R1=0.000421226 Eint1=0 Eint2=0 id0=31699 id1=100043 a=1347.6 e=0.0940043 ktype1=14 ktype2=14
********************************************************************************
type=BS t=0.0027834137
params: b=1.81621 v=0.150122
input: type=single m=0.321405 R=0.309786 Eint=0 id=23236 ktype=0
input: type=binary m0=30.245 m1=19.8691 R0=0.000641193 R1=0.000421226 Eint1=0 Eint2=0 id0=31699 id1=100043 a=1347.6 e=0.0940043 ktype1=14 ktype2=14
status: DE/E=2.38861e-09 DE=-1.98123e-13 DL/L=1.12629e-08 DL=1.18504e-11 DE_GW/E=1.92086e-17 DE_GW=-1.59326e-21 v_esc_cluster[km/s]=7.6127 tcpu=0
outcome: nstar=3 nobj=2:  0 [1 2] (single-binary)
output: type=single m=0.321405 R=0.309786 Eint=0 id=23236 ktype=0
output: type=binary m0=30.245 m1=19.8691 R0=0.000641193 R1=0.000421226 Eint1=0 Eint2=0 id0=31699 id1=100043 a=1351.78 e=0.0900995 ktype1=14 ktype2=14
********************************************************************************
type=BS t=0.0027834137
params: b=0.471467 v=0.189836
input: type=single m=0.374191 R=0.346724 Eint=0 id=2635 ktype=0
input: type=binary m0=34.6785 m1=30.1274 R0=0.000735184 R1=0.000638701 Eint1=0 Eint2=0 id0=34276 id1=100050 a=4964.61 e=0.229627 ktype1=14 ktype2=14
status: DE/E=3.7995e-08 DE=-2.42617e-12 DL/L=1.84507e-09 DL=1.55667e-12 DE_GW/E=9.53445e-19 DE_GW=-6.08823e-23 v_esc_cluster[km/s]=7.60206 tcpu=0.01
outcome: nstar=3 nobj=2:  0 [1 2] (single-binary)
output: type=single m=0.374191 R=0.346724 Eint=0 id=2635 ktype=0
output: type=binary m0=34.6785 m1=30.1274 R0=0.000735184 R1=0.000638701 Eint1=0 Eint2=0 id0=34276 id1=100050 a=4874.15 e=0.216656 ktype1=14 ktype2=14
********************************************************************************
type=BS t=0.0027834137
params: b=1.99166 v=0.110622
input: type=single m=0.161561 R=0.18439 Eint=0 id=76758 ktype=0
input: type=binary m0=34.0117 m1=22.9838 R0=0.000721047 R1=0.000487256 Eint1=0 Eint2=0 id0=21849 id1=100031 a=4845.83 e=0.386056 ktype1=14 ktype2=14
status: DE/E=2.25432e-08 DE=-3.69663e-13 DL/L=5.58897e-10 DL=1.5964e-13 DE_GW/E=3.14598e-18 DE_GW=-5.15877e-23 v_esc_cluster[km/s]=7.3807 tcpu=0
outcome: nstar=3 nobj=2:  0 [1 2] (single-binary)
output: type=single m=0.161561 R=0.18439 Eint=0 id=76758 ktype=0
output: type=binary m0=34.0117 m1=22.9838 R0=0.000721047 R1=0.000487256 Eint1=0 Eint2=0 id0=21849 id1=100031 a=4844.47 e=0.387335 ktype1=14 ktype2=14
********************************************************************************
type=BS t=0.0027834137
params: b=2.56927 v=0.116071
input: type=single m=0.240311 R=0.251919 Eint=0 id=9508 ktype=0
input: type=binary m0=16.7688 m1=17.3967 R0=0.000355498 R1=0.00036881 Eint1=0 Eint2=0 id0=23071 id1=100033 a=747.508 e=0.408171 ktype1=14 ktype2=14
status: DE/E=4.99559e-08 DE=-4.81011e-12 DL/L=1.72227e-09 DL=1.85516e-12 DE_GW/E=9.34007e-17 DE_GW=-8.99329e-21 v_esc_cluster[km/s]=7.36424 tcpu=0.01
outcome: nstar=3 nobj=2:  0 [1 2] (single-binary)
output: type=single m=0.240311 R=0.251919 Eint=0 id=9508 ktype=0
output: type=binary m0=16.7688 m1=17.3967 R0=0.000355498 R1=0.00036881 Eint1=0 Eint2=0 id0=23071 id1=100033 a=747.206 e=0.409181 ktype1=14 ktype2=14
********************************************************************************
type=BS t=0.0027834137
params: b=3.14278 v=0.244114
input: type=single m=1.36496 R=1.10144 Eint=0 id=12814 ktype=1
input: type=binary m0=27.7207 m1=19.2369 R0=0.000587679 R1=0.000407822 Eint1=0 Eint2=0 id0=13077 id1=100017 a=2324.11 e=0.29841 ktype1=14 ktype2=14
status: DE/E=4.16647e-08 DE=-6.46353e-11 DL/L=6.2235e-10 DL=6.66397e-12 DE_GW/E=2.00554e-17 DE_GW=-3.11124e-20 v_esc_cluster[km/s]=7.08346 tcpu=0
outcome: nstar=3 nobj=2:  0 [1 2] (single-binary)
output: type=single m=1.36496 R=1.10144 Eint=0 id=12814 ktype=1
output: type=binary m0=27.7207 m1=19.2369 R0=0.000587679 R1=0.000407822 Eint1=0 Eint2=0 id0=13077 id1=100017 a=2340.01 e=0.320884 ktype1=14 ktype2=14
********************************************************************************
type=BS t=0.0027834137
params: b=0.988292 v=0.340241
input: type=single m=0.519282 R=0.463187 Eint=0 id=37315 ktype=0
input: type=binary m0=18.6338 m1=19.1399 R0=0.000395036 R1=0.000405765 Eint1=0 Eint2=0 id0=96946 id1=100129 a=2885.65 e=0.165557 ktype1=14 ktype2=14
status: DE/E=-4.41533e-08 DE=1.43618e-11 DL/L=3.9083e-09 DL=1.25957e-11 DE_GW/E=3.37919e-18 DE_GW=-1.09915e-21 v_esc_cluster[km/s]=6.97867 tcpu=0.01
outcome: nstar=3 nobj=2:  0 [1 2] (single-binary)
output: type=single m=0.519282 R=0.463187 Eint=0 id=37315 ktype=0
output: type=binary m0=18.6338 m1=19.1399 R0=0.000395036 R1=0.000405765 Eint1=0 Eint2=0 id0=96946 id1=100129 a=2919.39 e=0.170944 ktype1=14 ktype2=14
********************************************************************************
type=BB t=0.00289044101
params: b=4.47786 v=0.113255
input: type=binary m0=0.506408 m1=0.135966 R0=0.451555 R1=0.157121 Eint1=0 Eint2=0 id0=18743 id1=101053 a=27.4584 e=0.794068 ktype1=0 ktype2=0
input: type=binary m0=30.245 m1=19.8691 R0=0.000641193 R1=0.000421226 Eint1=0 Eint2=0 id0=31699 id1=100043 a=1351.78 e=0.0900995 ktype1=14 ktype2=14
status: DE/E=-5.82114e-08 DE=1.87446e-11 DL/L=2.04574e-08 DL=5.229e-11 DE_GW/E=2.21923e-17 DE_GW=-7.14612e-21 v_esc_cluster[km/s]=7.53398 tcpu=0.1
outcome: nstar=4 nobj=2:  [0 1] [2 3] (binary-binary)
output: type=binary m0=0.506408 m1=0.135966 R0=0.451555 R1=0.157121 Eint1=0 Eint2=0 id0=18743 id1=101053 a=27.4584 e=0.80456 ktype1=0 ktype2=0
output: type=binary m0=30.245 m1=19.8691 R0=0.000641193 R1=0.000421226 Eint1=0 Eint2=0 id0=31699 id1=100043 a=1351.72 e=0.0916928 ktype1=14 ktype2=14
********************************************************************************
type=BS t=0.00289044101
params: b=2.28053 v=0.205554
input: type=single m=0.283755 R=0.283534 Eint=0 id=36764 ktype=0
input: type=binary m0=34.6785 m1=30.1274 R0=0.000735184 R1=0.000638701 Eint1=0 Eint2=0 id0=34276 id1=100050 a=4874.15 e=0.216656 ktype1=14 ktype2=14
status: DE/E=1.36902e-08 DE=-5.00842e-13 DL/L=1.35314e-09 DL=7.20384e-13 DE_GW/E=1.43864e-18 DE_GW=-5.26312e-23 v_esc_cluster[km/s]=7.22657 tcpu=0.01
outcome: nstar=3 nobj=2:  0 [1 2] (single-binary)
output: type=single m=0.283755 R=0.283534 Eint=0 id=36764 ktype=0
output: type=binary m0=34.6785 m1=30.1274 R0=0.000735184 R1=0.000638701 Eint1=0 Eint2=0 id0=34276 id1=100050 a=4873.85 e=0.216667 ktype1=14 ktype2=14
********************************************************************************
type=BB t=0.00289044101
params: b=1.93033 v=0.203929
input: type=binary m0=34.0117 m1=22.9838 R0=0.000721047 R1=0.000487256 Eint1=0 Eint2=0 id0=21849 id1=100031 a=4844.47 e=0.387335 ktype1=14 ktype2=14
input: type=binary m0=0.14349 m1=0.0657849 R0=0.165516 R1=0.163319 Eint1=0 Eint2=0 id0=93342 id1=104788 a=0.318517 e=0.469539 ktype1=0 ktype2=0
status: DE/E=3.4194e-07 DE=-7.69875e-12 DL/L=2.08332e-10 DL=6.86588e-14 DE_GW/E=3.21502e-10 DE_GW=-7.23858e-15 v_esc_cluster[km/s]=7.14568 tcpu=0.01
outcome: nstar=4 nobj=2:  [0 1] [2 3] (binary-binary)
output: type=binary m0=34.0117 m1=22.9838 R0=0.000721047 R1=0.000487256 Eint1=0 Eint2=0 id0=21849 id1=100031 a=4841.29 e=0.387189 ktype1=14 ktype2=14
output: type=binary m0=0.14349 m1=0.0657849 R0=0.165516 R1=0.163319 Eint1=0 Eint2=0 id0=93342 id1=104788 a=0.318516 e=0.469539 ktype1=0 ktype2=0
********************************************************************************
type=BS t=0.00289044101
params: b=3.32434 v=0.0581433
input: type=single m=0.103517 R=0.140413 Eint=0 id=20818 ktype=0
input: type=binary m0=27.7207 m1=19.2369 R0=0.000587679 R1=0.000407822 Eint1=0 Eint2=0 id0=13077 id1=100017 a=2340.01 e=0.320884 ktype1=14 ktype2=14
status: DE/E=2.76667e-08 DE=-2.75821e-13 DL/L=9.22154e-10 DL=1.84141e-13 DE_GW/E=1.21065e-21 DE_GW=-1.20694e-26 v_esc_cluster[km/s]=7.04697 tcpu=0.01
outcome: nstar=3 nobj=2:  0 [1 2] (single-binary)
output: type=single m=0.103517 R=0.140413 Eint=0 id=20818 ktype=0
output: type=binary m0=27.7207 m1=19.2369 R0=0.000587679 R1=0.000407822 Eint1=0 Eint2=0 id0=13077 id1=100017 a=2339.77 e=0.320029 ktype1=14 ktype2=14
********************************************************************************
type=BS t=0.00289044101
params: b=2.5481 v=0.124718
input: type=single m=0.374832 R=0.347181 Eint=0 id=76379 ktype=0
input: type=binary m0=32.2692 m1=24.2754 R0=0.000684107 R1=0.000514638 Eint1=0 Eint2=0 id0=10974 id1=100013 a=623.185 e=0.306273 ktype1=14 ktype2=14
status: DE/E=4.01357e-08 DE=-3.49681e-12 DL/L=2.13359e-09 DL=2.10494e-12 DE_GW/E=1.62782e-16 DE_GW=-1.41824e-20 v_esc_cluster[km/s]=6.67202 tcpu=0
outcome: nstar=3 nobj=2:  0 [1 2] (single-binary)
output: type=single m=0.374832 R=0.347181 Eint=0 id=76379 ktype=0
output: type=binary m0=32.2692 m1=24.2754 R0=0.000684107 R1=0.000514638 Eint1=0 Eint2=0 id0=10974 id1=100013 a=623.281 e=0.304648 ktype1=14 ktype2=14
********************************************************************************
type=BS t=0.00300402842
params: b=2.73642 v=0.0912657
input: type=single m=0.219629 R=0.23586 Eint=0 id=67910 ktype=0
input: type=binary m0=30.245 m1=19.8691 R0=0.000641193 R1=0.000421226 Eint1=0 Eint2=0 id0=31699 id1=100043 a=1351.72 e=0.0916928 ktype1=14 ktype2=14
status: DE/E=4.18568e-08 DE=-1.65141e-12 DL/L=1.50138e-08 DL=8.66242e-12 DE_GW/E=1.21438e-17 DE_GW=-4.79119e-22 v_esc_cluster[km/s]=7.57646 tcpu=0
outcome: nstar=3 nobj=2:  0 [1 2] (single-binary)
output: type=single m=0.219629 R=0.23586 Eint=0 id=67910 ktype=0
output: type=binary m0=30.245 m1=19.8691 R0=0.000641193 R1=0.000421226 Eint1=0 Eint2=0 id0=31699 id1=100043 a=1350.04 e=0.0934915 ktype1=14 ktype2=14
********************************************************************************
type=BS t=0.00300402842
params: b=2.58124 v=0.12908
input: type=single m=0.781678 R=0.7278 Eint=0 id=18316 ktype=1
input: type=binary m0=34.0117 m1=22.9838 R0=0.000721047 R1=0.000487256 Eint1=0 Eint2=0 id0=21849 id1=100031 a=4841.29 e=0.387189 ktype1=14 ktype2=14
status: DE/E=7.4029e-08 DE=-2.76853e-11 DL/L=1.57688e-10 DL=4.80669e-13 DE_GW/E=1.25214e-18 DE_GW=-4.68274e-22 v_esc_cluster[km/s]=7.42496 tcpu=0.01
outcome: nstar=3 nobj=2:  0 [1 2] (single-binary)
output: type=single m=0.781678 R=0.7278 Eint=0 id=18316 ktype=1
output: type=binary m0=34.0117 m1=22.9838 R0=0.000721047 R1=0.000487256 Eint1=0 Eint2=0 id0=21849 id1=100031 a=4737.97 e=0.367594 ktype1=14 ktype2=14
********************************************************************************
type=BS t=0.00300402842
params: b=3.15567 v=0.040318
input: type=single m=0.0950926 R=0.144443 Eint=0 id=2016 ktype=0
input: type=binary m0=32.2692 m1=24.2754 R0=0.000684107 R1=0.000514638 Eint1=0 Eint2=0 id0=10974 id1=100013 a=623.281 e=0.304648 ktype1=14 ktype2=14
status: DE/E=1.15895e-07 DE=-6.6559e-13 DL/L=6.76909e-09 DL=9.0121e-13 DE_GW/E=4.06808e-17 DE_GW=-2.33632e-22 v_esc_cluster[km/s]=7.33671 tcpu=0.02
outcome: nstar=3 nobj=2:  0 [1 2] (single-binary)
output: type=single m=0.0950926 R=0.144443 Eint=0 id=2016 ktype=0
output: type=binary m0=32.2692 m1=24.2754 R0=0.000684107 R1=0.000514638 Eint1=0 Eint2=0 id0=10974 id1=100013 a=624.034 e=0.296216 ktype1=14 ktype2=14
********************************************************************************
type=BS t=0.00300402842
params: b=0.663449 v=0.337744
input: type=single m=0.518203 R=0.462207 Eint=0 id=68686 ktype=0
input: type=binary m0=34.6785 m1=30.1274 R0=0.000735184 R1=0.000638701 Eint1=0 Eint2=0 id0=34276 id1=100050 a=4873.85 e=0.216667 ktype1=14 ktype2=14
status: DE/E=1.80791e-08 DE=-2.02585e-12 DL/L=1.23681e-09 DL=1.76693e-12 DE_GW/E=3.72105e-18 DE_GW=-4.1696e-22 v_esc_cluster[km/s]=7.13711 tcpu=0
outcome: nstar=3 nobj=2:  0 [1 2] (single-binary)
output: type=single m=0.518203 R=0.462207 Eint=0 id=68686 ktype=0
output: type=binary m0=34.6785 m1=30.1274 R0=0.000735184 R1=0.000638701 Eint1=0 Eint2=0 id0=34276 id1=100050 a=4865.65 e=0.209934 ktype1=14 ktype2=14
********************************************************************************
type=BS t=0.00300402842
params: b=2.08841 v=0.115212
input: type=single m=0.230211 R=0.244184 Eint=0 id=49084 ktype=0
input: type=binary m0=27.7207 m1=19.2369 R0=0.000587679 R1=0.000407822 Eint1=0 Eint2=0 id0=13077 id1=100017 a=2339.77 e=0.320029 ktype1=14 ktype2=14
status: DE/E=3.05733e-09 DE=-1.48448e-13 DL/L=1.83497e-10 DL=1.16979e-13 DE_GW/E=7.55729e-18 DE_GW=-3.66942e-22 v_esc_cluster[km/s]=7.01416 tcpu=0.01
outcome: nstar=3 nobj=2:  0 [1 2] (single-binary)
output: type=single m=0.230211 R=0.244184 Eint=0 id=49084 ktype=0
output: type=binary m0=27.7207 m1=19.2369 R0=0.000587679 R1=0.000407822 Eint1=0 Eint2=0 id0=13077 id1=100017 a=2335.87 e=0.317244 ktype1=14 ktype2=14
********************************************************************************
type=BS t=0.00309514165
params: b=1.43491 v=0.154388
input: type=single m=0.294263 R=0.290918 Eint=0 id=20396 ktype=0
input: type=binary m0=34.0117 m1=22.9838 R0=0.000721047 R1=0.000487256 Eint1=0 Eint2=0 id0=21849 id1=100031 a=4737.97 e=0.367594 ktype1=14 ktype2=14
status: DE/E=3.11642e-08 DE=-1.66763e-12 DL/L=5.52565e-10 DL=3.89752e-13 DE_GW/E=1.69643e-18 DE_GW=-9.07773e-23 v_esc_cluster[km/s]=7.16274 tcpu=0.01
outcome: nstar=3 nobj=2:  0 [1 2] (single-binary)
output: type=single m=0.294263 R=0.290918 Eint=0 id=20396 ktype=0
output: type=binary m0=34.0117 m1=22.9838 R0=0.000721047 R1=0.000487256 Eint1=0 Eint2=0 id0=21849 id1=100031 a=4727.68 e=0.374336 ktype1=14 ktype2=14
********************************************************************************
type=BS t=0.00309514165
params: b=3.44585 v=0.127279
input: type=single m=0.452996 R=0.406207 Eint=0 id=42868 ktype=0
input: type=binary m0=27.7207 m1=19.2369 R0=0.000587679 R1=0.000407822 Eint1=0 Eint2=0 id0=13077 id1=100017 a=2335.87 e=0.317244 ktype1=14 ktype2=14
status: DE/E=5.75596e-08 DE=-1.06882e-11 DL/L=1.45788e-10 DL=2.83112e-13 DE_GW/E=1.4706e-19 DE_GW=-2.73074e-23 v_esc_cluster[km/s]=7.10876 tcpu=0
outcome: nstar=3 nobj=2:  0 [1 2] (single-binary)
output: type=single m=0.452996 R=0.406207 Eint=0 id=42868 ktype=0
output: type=binary m0=27.7207 m1=19.2369 R0=0.000587679 R1=0.000407822 Eint1=0 Eint2=0 id0=13077 id1=100017 a=2317.16 e=0.324504 ktype1=14 ktype2=14
********************************************************************************
type=BS t=0.00309514165
params: b=2.30967 v=0.453076
input: type=single m=1.21158 R=1.07484 Eint=0 id=59604 ktype=1
input: type=binary m0=34.6785 m1=30.1274 R0=0.000735184 R1=0.000638701 Eint1=0 Eint2=0 id0=34276 id1=100050 a=4865.65 e=0.209934 ktype1=14 ktype2=14
status: DE/E=6.62296e-08 DE=-3.56312e-11 DL/L=8.61162e-10 DL=4.28574e-12 DE_GW/E=2.50457e-18 DE_GW=-1.34745e-21 v_esc_cluster[km/s]=6.76214 tcpu=0
outcome: nstar=3 nobj=2:  0 [1 2] (single-binary)
output: type=single m=1.21158 R=1.07484 Eint=0 id=59604 ktype=1
output: type=binary m0=34.6785 m1=30.1274 R0=0.000735184 R1=0.000638701 Eint1=0 Eint2=0 id0=34276 id1=100050 a=4850.32 e=0.207903 ktype1=14 ktype2=14
********************************************************************************
type=BS t=0.00316219068
params: b=2.60943 v=0.0560153
input: type=single m=0.0954524 R=0.144261 Eint=0 id=1215 ktype=0
input: type=binary m0=30.245 m1=19.8691 R0=0.000641193 R1=0.000421226 Eint1=0 Eint2=0 id0=31699 id1=100043 a=1350.04 e=0.0934915 ktype1=14 ktype2=14
status: DE/E=5.08153e-08 DE=-3.8255e-13 DL/L=2.08447e-08 DL=3.53005e-12 DE_GW/E=8.84039e-18 DE_GW=-6.65526e-23 v_esc_cluster[km/s]=7.52083 tcpu=0.01
outcome: nstar=3 nobj=2:  0 [1 2] (single-binary)
output: type=single m=0.0954524 R=0.144261 Eint=0 id=1215 ktype=0
output: type=binary m0=30.245 m1=19.8691 R0=0.000641193 R1=0.000421226 Eint1=0 Eint2=0 id0=31699 id1=100043 a=1352.76 e=0.0943796 ktype1=14 ktype2=14
********************************************************************************
type=BS t=0.00316219068
params: b=1.5947 v=0.224958
input: type=single m=0.268772 R=0.27287 Eint=0 id=5440 ktype=0
input: type=binary m0=27.7207 m1=19.2369 R0=0.000587679 R1=0.000407822 Eint1=0 Eint2=0 id0=13077 id1=100017 a=2317.16 e=0.324504 ktype1=14 ktype2=14
status: DE/E=-3.76661e-09 DE=2.39463e-13 DL/L=3.91898e-10 DL=3.07228e-13 DE_GW/E=1.2174e-17 DE_GW=-7.73961e-22 v_esc_cluster[km/s]=7.30274 tcpu=0.01
outcome: nstar=3 nobj=2:  0 [1 2] (single-binary)
output: type=single m=0.268772 R=0.27287 Eint=0 id=5440 ktype=0
output: type=binary m0=27.7207 m1=19.2369 R0=0.000587679 R1=0.000407822 Eint1=0 Eint2=0 id0=13077 id1=100017 a=2318.44 e=0.325805 ktype1=14 ktype2=14
********************************************************************************
type=BS t=0.00316219068
params: b=2.47224 v=0.152448
input: type=single m=0.262704 R=0.26849 Eint=0 id=6695 ktype=0
input: type=binary m0=34.0117 m1=22.9838 R0=0.000721047 R1=0.000487256 Eint1=0 Eint2=0 id0=21849 id1=100031 a=4727.68 e=0.374336 ktype1=14 ktype2=14
status: DE/E=7.88143e-09 DE=-3.36708e-13 DL/L=6.19381e-10 DL=3.44164e-13 DE_GW/E=3.82301e-18 DE_GW=-1.63326e-22 v_esc_cluster[km/s]=7.01955 tcpu=0
outcome: nstar=3 nobj=2:  0 [1 2] (single-binary)
output: type=single m=0.262704 R=0.26849 Eint=0 id=6695 ktype=0
output: type=binary m0=34.0117 m1=22.9838 R0=0.000721047 R1=0.000487256 Eint1=0 Eint2=0 id0=21849 id1=100031 a=4727.17 e=0.375094 ktype1=14 ktype2=14
********************************************************************************
type=BS t=0.00316219068
params: b=2.93529 v=0.0741092
input: type=single m=0.199036 R=0.21888 Eint=0 id=38619 ktype=0
input: type=binary m0=34.6785 m1=30.1274 R0=0.000735184 R1=0.000638701 Eint1=0 Eint2=0 id0=34276 id1=100050 a=4850.32 e=0.207903 ktype1=14 ktype2=14
status: DE/E=3.46554e-08 DE=-6.49419e-13 DL/L=3.97237e-09 DL=1.32249e-12 DE_GW/E=2.06514e-18 DE_GW=-3.86993e-23 v_esc_cluster[km/s]=6.71577 tcpu=0.01
outcome: nstar=3 nobj=2:  0 [1 2] (single-binary)
output: type=single m=0.199036 R=0.21888 Eint=0 id=38619 ktype=0
output: type=binary m0=34.6785 m1=30.1274 R0=0.000735184 R1=0.000638701 Eint1=0 Eint2=0 id0=34276 id1=100050 a=4840.84 e=0.208376 ktype1=14 ktype2=14
********************************************************************************
type=BS t=0.00316219068
params: b=20.9458 v=0.0739037
input: type=single m=0.562186 R=0.503885 Eint=0 id=64963 ktype=0
input: type=binary m0=2.43466 m1=1.41036 R0=1.39903 R1=1.10418 Eint1=0 Eint2=0 id0=33917 id1=101815 a=40.8492 e=0.601976 ktype1=1 ktype2=1
status: DE/E=-9.46798e-07 DE=3.29847e-08 DL/L=5.52332e-09 DL=9.23113e-10 DE_GW/E=-0 DE_GW=0 v_esc_cluster[km/s]=6.13911 tcpu=0.21
outcome: nstar=3 nobj=2:  0 [1 2] (single-binary)
output: type=single m=0.562186 R=0.503885 Eint=0 id=64963 ktype=0
output: type=binary m0=2.43466 m1=1.41036 R0=1.39903 R1=1.10418 Eint1=0 Eint2=0 id0=33917 id1=101815 a=40.3501 e=0.625039 ktype1=1 ktype2=1
********************************************************************************
type=BS t=0.00323214265
params: b=2.35278 v=0.240035
input: type=single m=0.461782 R=0.413354 Eint=0 id=27 ktype=0
input: type=binary m0=34.0117 m1=22.9838 R0=0.000721047 R1=0.000487256 Eint1=0 Eint2=0 id0=21849 id1=100031 a=4727.17 e=0.375094 ktype1=14 ktype2=14
status: DE/E=3.68495e-08 DE=-4.66064e-12 DL/L=7.51559e-10 DL=1.09425e-12 DE_GW/E=2.43399e-18 DE_GW=-3.07846e-22 v_esc_cluster[km/s]=7.55978 tcpu=0.01
outcome: nstar=3 nobj=2:  0 [1 2] (single-binary)
output: type=single m=0.461782 R=0.413354 Eint=0 id=27 ktype=0
output: type=binary m0=34.0117 m1=22.9838 R0=0.000721047 R1=0.000487256 Eint1=0 Eint2=0 id0=21849 id1=100031 a=4763.68 e=0.368572 ktype1=14 ktype2=14
********************************************************************************
type=BS t=0.00323214265
params: b=6.59564 v=0.0129778
input: type=single m=0.229088 R=0.243312 Eint=0 id=3875 ktype=0
input: type=binary m0=16.7688 m1=17.3967 R0=0.000355498 R1=0.00036881 Eint1=0 Eint2=0 id0=23071 id1=100033 a=747.206 e=0.409181 ktype1=14 ktype2=14
status: DE/E=3.3059e-08 DE=-2.93372e-12 DL/L=2.08431e-09 DL=2.08053e-12 DE_GW/E=7.39416e-18 DE_GW=-6.56172e-22 v_esc_cluster[km/s]=7.4659 tcpu=0.01
outcome: nstar=3 nobj=2:  0 [1 2] (single-binary)
output: type=single m=0.229088 R=0.243312 Eint=0 id=3875 ktype=0
output: type=binary m0=16.7688 m1=17.3967 R0=0.000355498 R1=0.00036881 Eint1=0 Eint2=0 id0=23071 id1=100033 a=728.278 e=0.380263 ktype1=14 ktype2=14
********************************************************************************
type=BS t=0.00323214265
params: b=2.12805 v=0.161763
input: type=single m=0.1485 R=0.170924 Eint=0 id=19205 ktype=0
input: type=binary m0=27.7207 m1=19.2369 R0=0.000587679 R1=0.000407822 Eint1=0 Eint2=0 id0=13077 id1=100017 a=2318.44 e=0.325805 ktype1=14 ktype2=14
status: DE/E=-3.98915e-09 DE=7.9819e-14 DL/L=6.67502e-10 DL=2.34755e-13 DE_GW/E=8.74571e-18 DE_GW=-1.74993e-22 v_esc_cluster[km/s]=7.28733 tcpu=0
outcome: nstar=3 nobj=2:  0 [1 2] (single-binary)
output: type=single m=0.1485 R=0.170924 Eint=0 id=19205 ktype=0
output: type=binary m0=27.7207 m1=19.2369 R0=0.000587679 R1=0.000407822 Eint1=0 Eint2=0 id0=13077 id1=100017 a=2320.02 e=0.324902 ktype1=14 ktype2=14
********************************************************************************
type=BS t=0.00323214265
params: b=2.31114 v=0.130847
input: type=single m=0.399581 R=0.365116 Eint=0 id=17343 ktype=0
input: type=binary m0=34.6785 m1=30.1274 R0=0.000735184 R1=0.000638701 Eint1=0 Eint2=0 id0=34276 id1=100050 a=4840.84 e=0.208376 ktype1=14 ktype2=14
status: DE/E=-1.65279e-09 DE=1.22613e-13 DL/L=1.45175e-09 DL=1.34885e-12 DE_GW/E=2.65961e-18 DE_GW=-1.97304e-22 v_esc_cluster[km/s]=6.74927 tcpu=0
outcome: nstar=3 nobj=2:  0 [1 2] (single-binary)
output: type=single m=0.399581 R=0.365116 Eint=0 id=17343 ktype=0
output: type=binary m0=34.6785 m1=30.1274 R0=0.000735184 R1=0.000638701 Eint1=0 Eint2=0 id0=34276 id1=100050 a=4835.13 e=0.213661 ktype1=14 ktype2=14
********************************************************************************
type=BS t=0.00323214265
params: b=6.05535 v=0.3032
input: type=single m=0.293876 R=0.290648 Eint=0 id=63079 ktype=0
input: type=binary m0=1.61238 m1=0.498351 R0=1.12395 R1=0.444422 Eint1=0 Eint2=0 id0=84427 id1=104323 a=30.1837 e=0.471362 ktype1=1 ktype2=0
status: DE/E=1.71503e-07 DE=-6.44856e-09 DL/L=4.26935e-10 DL=7.28211e-11 DE_GW/E=0 DE_GW=0 v_esc_cluster[km/s]=5.77904 tcpu=0.02
outcome: nstar=3 nobj=2:  0 [1 2] (single-binary)
output: type=single m=0.293876 R=0.290648 Eint=0 id=63079 ktype=0
output: type=binary m0=1.61238 m1=0.498351 R0=1.12395 R1=0.444422 Eint1=0 Eint2=0 id0=84427 id1=104323 a=30.6363 e=0.448343 ktype1=1 ktype2=0
********************************************************************************
type=BS t=0.00332023176
params: b=1.71147 v=0.22266
input: type=single m=0.194 R=0.214544 Eint=0 id=1525 ktype=0
input: type=binary m0=18.6338 m1=19.1399 R0=0.000395036 R1=0.000405765 Eint1=0 Eint2=0 id0=96946 id1=100129 a=2919.39 e=0.170944 ktype1=14 ktype2=14
status: DE/E=-4.22686e-09 DE=2.09806e-13 DL/L=4.05894e-09 DL=3.01971e-12 DE_GW/E=1.0055e-18 DE_GW=-4.99091e-23 v_esc_cluster[km/s]=7.55099 tcpu=0
outcome: nstar=3 nobj=2:  0 [1 2] (single-binary)
output: type=single m=0.194 R=0.214544 Eint=0 id=1525 ktype=0
output: type=binary m0=18.6338 m1=19.1399 R0=0.000395036 R1=0.000405765 Eint1=0 Eint2=0 id0=96946 id1=100129 a=2921.95 e=0.169464 ktype1=14 ktype2=14
********************************************************************************
type=BB t=0.00332023176
params: b=2.35574 v=0.405804
input: type=binary m0=0.415809 m1=0.29725 R0=0.377215 R1=0.293007 Eint1=0 Eint2=0 id0=32849 id1=101755 a=44.4577 e=0.308606 ktype1=0 ktype2=0
input: type=binary m0=0.0956513 m1=0.0896332 R0=0.144161 R1=0.147318 Eint1=0 Eint2=0 id0=4972 id1=100360 a=1.64632 e=0.271386 ktype1=0 ktype2=0
status: DE/E=1.21443e-06 DE=-2.97901e-08 DL/L=5.46527e-09 DL=4.06732e-10 DE_GW/E=-0 DE_GW=0 v_esc_cluster[km/s]=7.54149 tcpu=0.04
outcome: nstar=4 nobj=2:  [0 1] [2 3] (binary-binary)
output: type=binary m0=0.415809 m1=0.29725 R0=0.377215 R1=0.293007 Eint1=0 Eint2=0 id0=32849 id1=101755 a=50.0377 e=0.0982524 ktype1=0 ktype2=0
output: type=binary m0=0.0956513 m1=0.0896332 R0=0.144161 R1=0.147318 Eint1=0 Eint2=0 id0=4972 id1=100360 a=1.64632 e=0.272356 ktype1=0 ktype2=0
********************************************************************************
type=BS t=0.00332023176
params: b=2.02945 v=0.106033
input: type=single m=0.145787 R=0.168013 Eint=0 id=13428 ktype=0
input: type=binary m0=34.0117 m1=22.9838 R0=0.000721047 R1=0.000487256 Eint1=0 Eint2=0 id0=21849 id1=100031 a=4763.68 e=0.368572 ktype1=14 ktype2=14
status: DE/E=2.70069e-08 DE=-3.61163e-13 DL/L=6.44731e-10 DL=1.60014e-13 DE_GW/E=1.12909e-18 DE_GW=-1.50993e-23 v_esc_cluster[km/s]=7.49497 tcpu=0.01
outcome: nstar=3 nobj=2:  0 [1 2] (single-binary)
output: type=single m=0.145787 R=0.168013 Eint=0 id=13428 ktype=0
output: type=binary m0=34.0117 m1=22.9838 R0=0.000721047 R1=0.000487256 Eint1=0 Eint2=0 id0=21849 id1=100031 a=4753.02 e=0.371364 ktype1=14 ktype2=14
********************************************************************************
type=BS t=0.00332023176
params: b=0.479075 v=0.382356
input: type=single m=0.49406 R=0.440664 Eint=0 id=17280 ktype=0
input: type=binary m0=34.6785 m1=30.1274 R0=0.000735184 R1=0.000638701 Eint1=0 Eint2=0 id0=34276 id1=100050 a=4835.13 e=0.213661 ktype1=14 ktype2=14
status: DE/E=-2.13449e-08 DE=2.09683e-12 DL/L=1.46008e-09 DL=1.88913e-12 DE_GW/E=1.69491e-18 DE_GW=-1.665e-22 v_esc_cluster[km/s]=7.47538 tcpu=0
outcome: nstar=3 nobj=2:  0 [1 2] (single-binary)
output: type=single m=0.49406 R=0.440664 Eint=0 id=17280 ktype=0
output: type=binary m0=34.6785 m1=30.1274 R0=0.000735184 R1=0.000638701 Eint1=0 Eint2=0 id0=34276 id1=100050 a=4895.74 e=0.199539 ktype1=14 ktype2=14
********************************************************************************
type=BS t=0.00332023176
params: b=1.97024 v=0.017409
input: type=single m=0.0902736 R=0.146969 Eint=0 id=8338 ktype=0
input: type=binary m0=30.245 m1=19.8691 R0=0.000641193 R1=0.000421226 Eint1=0 Eint2=0 id0=31699 id1=100043 a=1352.76 e=0.0943796 ktype1=14 ktype2=14
status: DE/E=3.04699e-08 DE=-2.05795e-13 DL/L=1.07405e-08 DL=1.66372e-12 DE_GW/E=8.42581e-18 DE_GW=-5.69084e-23 v_esc_cluster[km/s]=7.23924 tcpu=0
outcome: nstar=3 nobj=2:  0 [1 2] (single-binary)
output: type=single m=0.0902736 R=0.146969 Eint=0 id=8338 ktype=0
output: type=binary m0=30.245 m1=19.8691 R0=0.000641193 R1=0.000421226 Eint1=0 Eint2=0 id0=31699 id1=100043 a=1342.21 e=0.0919195 ktype1=14 ktype2=14
********************************************************************************
type=BS t=0.00342705747
params: b=1.31673 v=0.125445
input: type=single m=0.13189 R=0.152427 Eint=0 id=1909 ktype=0
input: type=binary m0=34.0117 m1=22.9838 R0=0.000721047 R1=0.000487256 Eint1=0 Eint2=0 id0=21849 id1=100031 a=4753.02 e=0.371364 ktype1=14 ktype2=14
status: DE/E=3.26644e-09 DE=-3.56059e-14 DL/L=7.18098e-10 DL=1.53094e-13 DE_GW/E=3.16776e-18 DE_GW=-3.45302e-23 v_esc_cluster[km/s]=7.52963 tcpu=0
outcome: nstar=3 nobj=2:  0 [1 2] (single-binary)
output: type=single m=0.13189 R=0.152427 Eint=0 id=1909 ktype=0
output: type=binary m0=34.0117 m1=22.9838 R0=0.000721047 R1=0.000487256 Eint1=0 Eint2=0 id0=21849 id1=100031 a=4724.37 e=0.373316 ktype1=14 ktype2=14
********************************************************************************
type=BS t=0.00342705747
params: b=2.55645 v=0.148216
input: type=single m=0.351689 R=0.330843 Eint=0 id=2047 ktype=0
input: type=binary m0=34.6785 m1=30.1274 R0=0.000735184 R1=0.000638701 Eint1=0 Eint2=0 id0=34276 id1=100050 a=4895.74 e=0.199539 ktype1=14 ktype2=14
status: DE/E=-1.80484e-08 DE=1.03361e-12 DL/L=3.77419e-09 DL=2.87049e-12 DE_GW/E=1.80568e-18 DE_GW=-1.03409e-22 v_esc_cluster[km/s]=7.3351 tcpu=0
outcome: nstar=3 nobj=2:  0 [1 2] (single-binary)
output: type=single m=0.351689 R=0.330843 Eint=0 id=2047 ktype=0
output: type=binary m0=34.6785 m1=30.1274 R0=0.000735184 R1=0.000638701 Eint1=0 Eint2=0 id0=34276 id1=100050 a=4895.64 e=0.201402 ktype1=14 ktype2=14
********************************************************************************
type=BS t=0.00342705747
params: b=2.84678 v=0.243249
input: type=single m=1.14886 R=1.04438 Eint=0 id=12757 ktype=1
input: type=binary m0=30.245 m1=19.8691 R0=0.000641193 R1=0.000421226 Eint1=0 Eint2=0 id0=31699 id1=100043 a=1342.21 e=0.0919195 ktype1=14 ktype2=14
status: DE/E=1.01707e-07 DE=-1.00425e-10 DL/L=1.68153e-08 DL=1.16413e-10 DE_GW/E=2.83806e-17 DE_GW=-2.80231e-20 v_esc_cluster[km/s]=7.31855 tcpu=0.01
outcome: nstar=3 nobj=2:  0 [1 2] (single-binary)
output: type=single m=1.14886 R=1.04438 Eint=0 id=12757 ktype=1
output: type=binary m0=30.245 m1=19.8691 R0=0.000641193 R1=0.000421226 Eint1=0 Eint2=0 id0=31699 id1=100043 a=1345.35 e=0.0891787 ktype1=14 ktype2=14
********************************************************************************
type=BS t=0.00342705747
params: b=3.00143 v=0.0918009
input: type=single m=1.05363 R=0.973884 Eint=0 id=15175 ktype=1
input: type=binary m0=16.7688 m1=17.3967 R0=0.000355498 R1=0.00036881 Eint1=0 Eint2=0 id0=23071 id1=100033 a=728.278 e=0.380263 ktype1=14 ktype2=14
status: DE/E=2.0172e-08 DE=-3.58154e-11 DL/L=9.2835e-11 DL=9.60426e-13 DE_GW/E=3.23899e-17 DE_GW=-5.75082e-20 v_esc_cluster[km/s]=7.27423 tcpu=0.01
outcome: nstar=3 nobj=2:  0 [1 2] (single-binary)
output: type=single m=1.05363 R=0.973884 Eint=0 id=15175 ktype=1
output: type=binary m0=16.7688 m1=17.3967 R0=0.000355498 R1=0.00036881 Eint1=0 Eint2=0 id0=23071 id1=100033 a=673.947 e=0.395009 ktype1=14 ktype2=14
********************************************************************************
type=BS t=0.00342705747
params: b=1.80573 v=0.109784
input: type=single m=0.137156 R=0.158471 Eint=0 id=54959 ktype=0
input: type=binary m0=27.7207 m1=19.2369 R0=0.000587679 R1=0.000407822 Eint1=0 Eint2=0 id0=13077 id1=100017 a=2320.02 e=0.324902 ktype1=14 ktype2=14
status: DE/E=1.52988e-08 DE=-2.65044e-13 DL/L=6.73807e-10 DL=1.99415e-13 DE_GW/E=1.5921e-18 DE_GW=-2.75823e-23 v_esc_cluster[km/s]=7.21515 tcpu=0.01
outcome: nstar=3 nobj=2:  0 [1 2] (single-binary)
output: type=single m=0.137156 R=0.158471 Eint=0 id=54959 ktype=0
output: type=binary m0=27.7207 m1=19.2369 R0=0.000587679 R1=0.000407822 Eint1=0 Eint2=0 id0=13077 id1=100017 a=2320.11 e=0.324954 ktype1=14 ktype2=14
********************************************************************************
type=BS t=0.00348835237
params: b=1.54796 v=1.22951
input: type=single m=0.194844 R=0.215277 Eint=0 id=40662 ktype=0
input: type=binary m0=0.892882 m1=0.712176 R0=0.830112 R1=0.658783 Eint1=0 Eint2=0 id0=20844 id1=101156 a=67.718 e=0.624051 ktype1=1 ktype2=1
status: DE/E=-1.57599e-07 DE=-1.91426e-09 DL/L=8.22087e-11 DL=1.17927e-11 DE_GW/E=0 DE_GW=0 v_esc_cluster[km/s]=7.13905 tcpu=0.01
outcome: nstar=3 nobj=2:  0 [1 2] (single-binary)
output: type=single m=0.194844 R=0.215277 Eint=0 id=40662 ktype=0
output: type=binary m0=0.892882 m1=0.712176 R0=0.830112 R1=0.658783 Eint1=0 Eint2=0 id0=20844 id1=101156 a=64.0237 e=0.644521 ktype1=1 ktype2=1
********************************************************************************
type=BS t=0.00348835237
params: b=1.41921 v=0.210257
input: type=single m=0.474684 R=0.424071 Eint=0 id=27317 ktype=0
input: type=binary m0=34.0117 m1=22.9838 R0=0.000721047 R1=0.000487256 Eint1=0 Eint2=0 id0=21849 id1=100031 a=4724.37 e=0.373316 ktype1=14 ktype2=14
status: DE/E=9.14196e-09 DE=-1.23859e-12 DL/L=7.40454e-10 DL=1.02803e-12 DE_GW/E=1.06328e-18 DE_GW=-1.44058e-22 v_esc_cluster[km/s]=6.97875 tcpu=0
outcome: nstar=3 nobj=2:  0 [1 2] (single-binary)
output: type=single m=0.474684 R=0.424071 Eint=0 id=27317 ktype=0
output: type=binary m0=34.0117 m1=22.9838 R0=0.000721047 R1=0.000487256 Eint1=0 Eint2=0 id0=21849 id1=100031 a=4699.58 e=0.38108 ktype1=14 ktype2=14
********************************************************************************
type=BS t=0.00348835237
params: b=1.79726 v=0.190895
input: type=single m=0.467728 R=0.418262 Eint=0 id=794 ktype=0
input: type=binary m0=34.6785 m1=30.1274 R0=0.000735184 R1=0.000638701 Eint1=0 Eint2=0 id0=34276 id1=100050 a=4895.64 e=0.201402 ktype1=14 ktype2=14
status: DE/E=2.23768e-09 DE=-2.22518e-13 DL/L=2.42257e-09 DL=2.93214e-12 DE_GW/E=1.85756e-18 DE_GW=-1.84718e-22 v_esc_cluster[km/s]=6.73227 tcpu=0
outcome: nstar=3 nobj=2:  0 [1 2] (single-binary)
output: type=single m=0.467728 R=0.418262 Eint=0 id=794 ktype=0
output: type=binary m0=34.6785 m1=30.1274 R0=0.000735184 R1=0.000638701 Eint1=0 Eint2=0 id0=34276 id1=100050 a=4861.62 e=0.194025 ktype1=14 ktype2=14
********************************************************************************
type=BS t=0.00348835237
params: b=1.20392 v=1.58409
input: type=single m=0.151783 R=0.174393 Eint=0 id=65138 ktype=0
input: type=binary m0=0.34843 m1=0.256681 R0=0.328565 R1=0.264102 Eint1=0 Eint2=0 id0=21412 id1=101180 a=71.9822 e=0.121683 ktype1=0 ktype2=0
status: DE/E=-3.56928e-08 DE=-4.43478e-09 DL/L=8.51758e-10 DL=3.60683e-10 DE_GW/E=0 DE_GW=0 v_esc_cluster[km/s]=6.48303 tcpu=0
outcome: nstar=3 nobj=2:  0 [1 2] (single-binary)
output: type=single m=0.151783 R=0.174393 Eint=0 id=65138 ktype=0
output: type=binary m0=0.34843 m1=0.256681 R0=0.328565 R1=0.264102 Eint1=0 Eint2=0 id0=21412 id1=101180 a=147.306 e=0.425301 ktype1=0 ktype2=0
********************************************************************************
type=BS t=0.00358046187
params: b=1.76443 v=0.133563
input: type=single m=0.207024 R=0.225603 Eint=0 id=3905 ktype=0
input: type=binary m0=34.0117 m1=22.9838 R0=0.000721047 R1=0.000487256 Eint1=0 Eint2=0 id0=21849 id1=100031 a=4699.58 e=0.38108 ktype1=14 ktype2=14
status: DE/E=1.61351e-08 DE=-4.3129e-13 DL/L=3.16084e-11 DL=1.30459e-14 DE_GW/E=1.49465e-18 DE_GW=-3.99519e-23 v_esc_cluster[km/s]=7.4595 tcpu=0
outcome: nstar=3 nobj=2:  0 [1 2] (single-binary)
output: type=single m=0.207024 R=0.225603 Eint=0 id=3905 ktype=0
output: type=binary m0=34.0117 m1=22.9838 R0=0.000721047 R1=0.000487256 Eint1=0 Eint2=0 id0=21849 id1=100031 a=4697.72 e=0.383329 ktype1=14 ktype2=14
********************************************************************************
type=BS t=0.00358046187
params: b=1.09461 v=0.116408
input: type=single m=0.376731 R=0.348544 Eint=0 id=39344 ktype=0
input: type=binary m0=27.7207 m1=19.2369 R0=0.000587679 R1=0.000407822 Eint1=0 Eint2=0 id0=13077 id1=100017 a=2320.11 e=0.324954 ktype1=14 ktype2=14
status: DE/E=4.78909e-08 DE=-6.18701e-12 DL/L=3.99146e-10 DL=5.34455e-13 DE_GW/E=2.06582e-17 DE_GW=-2.66883e-21 v_esc_cluster[km/s]=7.38703 tcpu=0.01
outcome: nstar=3 nobj=2:  0 [1 2] (single-binary)
output: type=single m=0.376731 R=0.348544 Eint=0 id=39344 ktype=0
output: type=binary m0=27.7207 m1=19.2369 R0=0.000587679 R1=0.000407822 Eint1=0 Eint2=0 id0=13077 id1=100017 a=2201.49 e=0.309714 ktype1=14 ktype2=14
********************************************************************************
type=BS t=0.00358046187
params: b=1.63585 v=0.0929075
input: type=single m=0.148907 R=0.171357 Eint=0 id=53582 ktype=0
input: type=binary m0=30.245 m1=19.8691 R0=0.000641193 R1=0.000421226 Eint1=0 Eint2=0 id0=31699 id1=100043 a=1345.35 e=0.0891787 ktype1=14 ktype2=14
status: DE/E=7.29965e-09 DE=-1.32717e-13 DL/L=1.07059e-08 DL=3.45642e-12 DE_GW/E=1.15227e-17 DE_GW=-2.09498e-22 v_esc_cluster[km/s]=7.23079 tcpu=0
outcome: nstar=3 nobj=2:  0 [1 2] (single-binary)
output: type=single m=0.148907 R=0.171357 Eint=0 id=53582 ktype=0
output: type=binary m0=30.245 m1=19.8691 R0=0.000641193 R1=0.000421226 Eint1=0 Eint2=0 id0=31699 id1=100043 a=1344.79 e=0.0879288 ktype1=14 ktype2=14
********************************************************************************
type=BS t=0.00358046187
params: b=2.16136 v=0.246564
input: type=single m=0.22256 R=0.23819 Eint=0 id=9144 ktype=0
input: type=binary m0=1.94003 m1=1.59631 R0=1.21403 R1=1.12245 Eint1=0 Eint2=0 id0=37903 id1=102037 a=59.1104 e=0.916148 ktype1=1 ktype2=1
status: DE/E=5.66754e-08 DE=-3.76774e-10 DL/L=3.63927e-09 DL=6.38797e-11 DE_GW/E=-0 DE_GW=0 v_esc_cluster[km/s]=7.1077 tcpu=0.04
outcome: nstar=3 nobj=2:  0 [1 2] (single-binary)
output: type=single m=0.22256 R=0.23819 Eint=0 id=9144 ktype=0
output: type=binary m0=1.94003 m1=1.59631 R0=1.21403 R1=1.12245 Eint1=0 Eint2=0 id0=37903 id1=102037 a=54.8669 e=0.594746 ktype1=1 ktype2=1
********************************************************************************
type=BS t=0.00358046187
params: b=1.99384 v=0.192204
input: type=single m=0.527564 R=0.470837 Eint=0 id=25143 ktype=0
input: type=binary m0=34.6785 m1=30.1274 R0=0.000735184 R1=0.000638701 Eint1=0 Eint2=0 id0=34276 id1=100050 a=4861.62 e=0.194025 ktype1=14 ktype2=14
status: DE/E=2.79227e-08 DE=-3.52424e-12 DL/L=3.42212e-09 DL=4.66704e-12 DE_GW/E=2.23301e-18 DE_GW=-2.81837e-22 v_esc_cluster[km/s]=7.01128 tcpu=0.01
outcome: nstar=3 nobj=2:  0 [1 2] (single-binary)
output: type=single m=0.527564 R=0.470837 Eint=0 id=25143 ktype=0
output: type=binary m0=34.6785 m1=30.1274 R0=0.000735184 R1=0.000638701 Eint1=0 Eint2=0 id0=34276 id1=100050 a=4865.14 e=0.196012 ktype1=14 ktype2=14
********************************************************************************
type=BS t=0.00365101907
params: b=1.08406 v=0.150551
input: type=single m=0.082106 R=0.151689 Eint=0 id=34077 ktype=0
input: type=binary m0=18.6338 m1=19.1399 R0=0.000395036 R1=0.000405765 Eint1=0 Eint2=0 id0=96946 id1=100129 a=2921.95 e=0.169464 ktype1=14 ktype2=14
status: DE/E=1.35268e-08 DE=-1.24404e-13 DL/L=4.01674e-09 DL=8.013e-13 DE_GW/E=1.29807e-18 DE_GW=-1.19381e-23 v_esc_cluster[km/s]=7.46264 tcpu=0
outcome: nstar=3 nobj=2:  0 [1 2] (single-binary)
output: type=single m=0.082106 R=0.151689 Eint=0 id=34077 ktype=0
output: type=binary m0=18.6338 m1=19.1399 R0=0.000395036 R1=0.000405765 Eint1=0 Eint2=0 id0=96946 id1=100129 a=2932.59 e=0.170041 ktype1=14 ktype2=14
********************************************************************************
type=BS t=0.00365101907
params: b=1.15376 v=0.232804
input: type=single m=0.179912 R=0.201958 Eint=0 id=38482 ktype=0
input: type=binary m0=34.6785 m1=30.1274 R0=0.000735184 R1=0.000638701 Eint1=0 Eint2=0 id0=34276 id1=100050 a=4865.14 e=0.196012 ktype1=14 ktype2=14
status: DE/E=-7.05432e-09 DE=1.02782e-13 DL/L=1.33303e-09 DL=3.72344e-13 DE_GW/E=9.46018e-19 DE_GW=-1.37835e-23 v_esc_cluster[km/s]=7.40674 tcpu=0
outcome: nstar=3 nobj=2:  0 [1 2] (single-binary)
output: type=single m=0.179912 R=0.201958 Eint=0 id=38482 ktype=0
output: type=binary m0=34.6785 m1=30.1274 R0=0.000735184 R1=0.000638701 Eint1=0 Eint2=0 id0=34276 id1=100050 a=4864.78 e=0.19603 ktype1=14 ktype2=14
********************************************************************************
type=BS t=0.00365101907
params: b=2.68818 v=0.0917559
input: type=single m=0.113335 R=0.136236 Eint=0 id=29149 ktype=0
input: type=binary m0=34.0117 m1=22.9838 R0=0.000721047 R1=0.000487256 Eint1=0 Eint2=0 id0=21849 id1=100031 a=4697.72 e=0.383329 ktype1=14 ktype2=14
status: DE/E=3.04848e-08 DE=-2.47362e-13 DL/L=1.39579e-09 DL=2.32225e-13 DE_GW/E=3.49485e-19 DE_GW=-2.83581e-24 v_esc_cluster[km/s]=7.27178 tcpu=0
outcome: nstar=3 nobj=2:  0 [1 2] (single-binary)
output: type=single m=0.113335 R=0.136236 Eint=0 id=29149 ktype=0
output: type=binary m0=34.0117 m1=22.9838 R0=0.000721047 R1=0.000487256 Eint1=0 Eint2=0 id0=21849 id1=100031 a=4698.75 e=0.382337 ktype1=14 ktype2=14
********************************************************************************
type=BS t=0.00365101907
params: b=3.53464 v=0.0312907
input: type=single m=0.0874685 R=0.148523 Eint=0 id=10806 ktype=0
input: type=binary m0=30.245 m1=19.8691 R0=0.000641193 R1=0.000421226 Eint1=0 Eint2=0 id0=31699 id1=100043 a=1344.79 e=0.0879288 ktype1=14 ktype2=14
status: DE/E=2.56565e-08 DE=-1.62592e-13 DL/L=1.59326e-08 DL=2.34106e-12 DE_GW/E=6.72832e-18 DE_GW=-4.26391e-23 v_esc_cluster[km/s]=7.10541 tcpu=0.01
outcome: nstar=3 nobj=2:  0 [1 2] (single-binary)
output: type=single m=0.0874685 R=0.148523 Eint=0 id=10806 ktype=0
output: type=binary m0=30.245 m1=19.8691 R0=0.000641193 R1=0.000421226 Eint1=0 Eint2=0 id0=31699 id1=100043 a=1343.07 e=0.0880514 ktype1=14 ktype2=14
********************************************************************************
type=BS t=0.00365101907
params: b=0.410153 v=0.121589
input: type=single m=0.136004 R=0.157165 Eint=0 id=56514 ktype=0
input: type=binary m0=27.7207 m1=19.2369 R0=0.000587679 R1=0.000407822 Eint1=0 Eint2=0 id0=13077 id1=100017 a=2201.49 e=0.309714 ktype1=14 ktype2=14
status: DE/E=1.08303e-08 DE=-1.83991e-13 DL/L=1.26474e-09 DL=3.78687e-13 DE_GW/E=3.45169e-18 DE_GW=-5.86393e-23 v_esc_cluster[km/s]=6.94709 tcpu=0
outcome: nstar=3 nobj=2:  0 [1 2] (single-binary)
output: type=single m=0.136004 R=0.157165 Eint=0 id=56514 ktype=0
output: type=binary m0=27.7207 m1=19.2369 R0=0.000587679 R1=0.000407822 Eint1=0 Eint2=0 id0=13077 id1=100017 a=2206.68 e=0.318865 ktype1=14 ktype2=14
********************************************************************************
type=BS t=0.00371067145
params: b=4.26862 v=0.106353
input: type=single m=0.6464 R=0.590106 Eint=0 id=9443 ktype=0
input: type=binary m0=30.245 m1=19.8691 R0=0.000641193 R1=0.000421226 Eint1=0 Eint2=0 id0=31699 id1=100043 a=1343.07 e=0.0880514 ktype1=14 ktype2=14
status: DE/E=4.70586e-08 DE=-1.57655e-11 DL/L=2.96857e-08 DL=9.01486e-11 DE_GW/E=2.05079e-17 DE_GW=-6.87052e-21 v_esc_cluster[km/s]=7.22481 tcpu=0.01
outcome: nstar=3 nobj=2:  0 [1 2] (single-binary)
output: type=single m=0.6464 R=0.590106 Eint=0 id=9443 ktype=0
output: type=binary m0=30.245 m1=19.8691 R0=0.000641193 R1=0.000421226 Eint1=0 Eint2=0 id0=31699 id1=100043 a=1353.29 e=0.084554 ktype1=14 ktype2=14
********************************************************************************
type=BS t=0.00371067145
params: b=3.23067 v=0.0255886
input: type=single m=1.1637 R=1.05312 Eint=0 id=6208 ktype=1
input: type=binary m0=16.7688 m1=17.3967 R0=0.000355498 R1=0.00036881 Eint1=0 Eint2=0 id0=23071 id1=100033 a=673.947 e=0.395009 ktype1=14 ktype2=14
status: DE/E=1.04569e-07 DE=-2.26834e-10 DL/L=4.17073e-10 DL=4.56329e-12 DE_GW/E=1.67704e-16 DE_GW=-3.63787e-19 v_esc_cluster[km/s]=7.21647 tcpu=0.01
outcome: nstar=3 nobj=2:  0 [1 2] (single-binary)
output: type=single m=1.1637 R=1.05312 Eint=0 id=6208 ktype=1
output: type=binary m0=16.7688 m1=17.3967 R0=0.000355498 R1=0.00036881 Eint1=0 Eint2=0 id0=23071 id1=100033 a=580.62 e=0.293483 ktype1=14 ktype2=14
********************************************************************************
type=BS t=0.00371067145
params: b=3.3865 v=0.089537
input: type=single m=1.18553 R=1.0642 Eint=0 id=17873 ktype=1
input: type=binary m0=27.7207 m1=19.2369 R0=0.000587679 R1=0.000407822 Eint1=0 Eint2=0 id0=13077 id1=100017 a=2206.68 e=0.318865 ktype1=14 ktype2=14
status: DE/E=1.52486e-08 DE=-1.89641e-11 DL/L=2.15308e-08 DL=1.72134e-10 DE_GW/E=7.49915e-18 DE_GW=-9.32643e-21 v_esc_cluster[km/s]=7.07739 tcpu=0.02
outcome: nstar=3 nobj=2:  0 [1 2] (single-binary)
output: type=single m=1.18553 R=1.0642 Eint=0 id=17873 ktype=1
output: type=binary m0=27.7207 m1=19.2369 R0=0.000587679 R1=0.000407822 Eint1=0 Eint2=0 id0=13077 id1=100017 a=2194.53 e=0.145153 ktype1=14 ktype2=14
********************************************************************************
type=BS t=0.00371067145
params: b=2.04041 v=0.073077
input: type=single m=0.115822 R=0.135253 Eint=0 id=23639 ktype=0
input: type=binary m0=34.0117 m1=22.9838 R0=0.000721047 R1=0.000487256 Eint1=0 Eint2=0 id0=21849 id1=100031 a=4698.75 e=0.382337 ktype1=14 ktype2=14
status: DE/E=2.87352e-08 DE=-2.44247e-13 DL/L=7.7775e-10 DL=1.33198e-13 DE_GW/E=4.83536e-20 DE_GW=-4.11002e-25 v_esc_cluster[km/s]=6.9372 tcpu=0.01
outcome: nstar=3 nobj=2:  0 [1 2] (single-binary)
output: type=single m=0.115822 R=0.135253 Eint=0 id=23639 ktype=0
output: type=binary m0=34.0117 m1=22.9838 R0=0.000721047 R1=0.000487256 Eint1=0 Eint2=0 id0=21849 id1=100031 a=4701.32 e=0.380643 ktype1=14 ktype2=14
********************************************************************************
type=BS t=0.00371067145
params: b=2.52945 v=0.160501
input: type=single m=0.343667 R=0.325245 Eint=0 id=34930 ktype=0
input: type=binary m0=34.6785 m1=30.1274 R0=0.000735184 R1=0.000638701 Eint1=0 Eint2=0 id0=34276 id1=100050 a=4864.78 e=0.19603 ktype1=14 ktype2=14
status: DE/E=2.88588e-08 DE=-1.57244e-12 DL/L=2.79153e-09 DL=2.20294e-12 DE_GW/E=7.80322e-19 DE_GW=-4.25177e-23 v_esc_cluster[km/s]=6.68659 tcpu=0.01
outcome: nstar=3 nobj=2:  0 [1 2] (single-binary)
output: type=single m=0.343667 R=0.325245 Eint=0 id=34930 ktype=0
output: type=binary m0=34.6785 m1=30.1274 R0=0.000735184 R1=0.000638701 Eint1=0 Eint2=0 id0=34276 id1=100050 a=4858.64 e=0.199082 ktype1=14 ktype2=14
********************************************************************************
type=BS t=0.00377412193
params: b=1.41704 v=0.0351887
input: type=single m=0.109876 R=0.13765 Eint=0 id=2650 ktype=0
input: type=binary m0=30.245 m1=19.8691 R0=0.000641193 R1=0.000421226 Eint1=0 Eint2=0 id0=31699 id1=100043 a=1353.29 e=0.084554 ktype1=14 ktype2=14
status: DE/E=6.26292e-08 DE=-6.25581e-13 DL/L=2.8231e-08 DL=5.8957e-12 DE_GW/E=5.81406e-18 DE_GW=-5.80745e-23 v_esc_cluster[km/s]=7.3321 tcpu=0.01
outcome: nstar=3 nobj=2:  0 [1 2] (single-binary)
output: type=single m=0.109876 R=0.13765 Eint=0 id=2650 ktype=0
output: type=binary m0=30.245 m1=19.8691 R0=0.000641193 R1=0.000421226 Eint1=0 Eint2=0 id0=31699 id1=100043 a=1354.27 e=0.0716682 ktype1=14 ktype2=14
********************************************************************************
type=BS t=0.00377412193
params: b=1.46283 v=0.284427
input: type=single m=0.343332 R=0.325011 Eint=0 id=29077 ktype=0
input: type=binary m0=34.0117 m1=22.9838 R0=0.000721047 R1=0.000487256 Eint1=0 Eint2=0 id0=21849 id1=100031 a=4701.32 e=0.380643 ktype1=14 ktype2=14
status: DE/E=1.11791e-08 DE=-7.65425e-13 DL/L=3.80625e-10 DL=3.39764e-13 DE_GW/E=3.67184e-18 DE_GW=-2.51409e-22 v_esc_cluster[km/s]=7.13638 tcpu=0.01
outcome: nstar=3 nobj=2:  0 [1 2] (single-binary)
output: type=single m=0.343332 R=0.325011 Eint=0 id=29077 ktype=0
output: type=binary m0=34.0117 m1=22.9838 R0=0.000721047 R1=0.000487256 Eint1=0 Eint2=0 id0=21849 id1=100031 a=4676.69 e=0.375784 ktype1=14 ktype2=14
********************************************************************************
type=BS t=0.00377412193
params: b=3.01885 v=0.0993957
input: type=single m=0.331791 R=0.316991 Eint=0 id=53537 ktype=0
input: type=binary m0=27.7207 m1=19.2369 R0=0.000587679 R1=0.000407822 Eint1=0 Eint2=0 id0=13077 id1=100017 a=2194.53 e=0.145153 ktype1=14 ktype2=14
status: DE/E=6.72315e-08 DE=-6.77493e-12 DL/L=1.36213e-08 DL=1.57597e-11 DE_GW/E=5.74186e-18 DE_GW=-5.78609e-22 v_esc_cluster[km/s]=6.91771 tcpu=0.01
outcome: nstar=3 nobj=2:  0 [1 2] (single-binary)
output: type=single m=0.331791 R=0.316991 Eint=0 id=53537 ktype=0
output: type=binary m0=27.7207 m1=19.2369 R0=0.000587679 R1=0.000407822 Eint1=0 Eint2=0 id0=13077 id1=100017 a=2195.48 e=0.143846 ktype1=14 ktype2=14
********************************************************************************
type=BS t=0.00377412193
params: b=1.41392 v=0.147668
input: type=single m=0.408279 R=0.371569 Eint=0 id=30280 ktype=0
input: type=binary m0=34.6785 m1=30.1274 R0=0.000735184 R1=0.000638701 Eint1=0 Eint2=0 id0=34276 id1=100050 a=4858.64 e=0.199082 ktype1=14 ktype2=14
status: DE/E=1.34776e-08 DE=-1.0386e-12 DL/L=3.09662e-09 DL=2.97197e-12 DE_GW/E=1.45224e-18 DE_GW=-1.1191e-22 v_esc_cluster[km/s]=6.67738 tcpu=0
outcome: nstar=3 nobj=2:  0 [1 2] (single-binary)
output: type=single m=0.408279 R=0.371569 Eint=0 id=30280 ktype=0
output: type=binary m0=34.6785 m1=30.1274 R0=0.000735184 R1=0.000638701 Eint1=0 Eint2=0 id0=34276 id1=100050 a=4825.21 e=0.188256 ktype1=14 ktype2=14
********************************************************************************
type=BS t=0.00382678457
params: b=2.36812 v=0.153131
input: type=single m=0.138637 R=0.16014 Eint=0 id=15612 ktype=0
input: type=binary m0=34.0117 m1=22.9838 R0=0.000721047 R1=0.000487256 Eint1=0 Eint2=0 id0=21849 id1=100031 a=4676.69 e=0.375784 ktype1=14 ktype2=14
status: DE/E=1.26573e-08 DE=-1.51218e-13 DL/L=3.00657e-10 DL=7.02711e-14 DE_GW/E=3.93744e-18 DE_GW=-4.70409e-23 v_esc_cluster[km/s]=7.35949 tcpu=0
outcome: nstar=3 nobj=2:  0 [1 2] (single-binary)
output: type=single m=0.138637 R=0.16014 Eint=0 id=15612 ktype=0
output: type=binary m0=34.0117 m1=22.9838 R0=0.000721047 R1=0.000487256 Eint1=0 Eint2=0 id0=21849 id1=100031 a=4676.6 e=0.37644 ktype1=14 ktype2=14
********************************************************************************
type=BS t=0.00382678457
params: b=2.34557 v=0.215979
input: type=single m=0.518689 R=0.462672 Eint=0 id=37504 ktype=0
input: type=binary m0=34.6785 m1=30.1274 R0=0.000735184 R1=0.000638701 Eint1=0 Eint2=0 id0=34276 id1=100050 a=4825.21 e=0.188256 ktype1=14 ktype2=14
status: DE/E=3.60504e-08 DE=-4.35514e-12 DL/L=3.78811e-09 DL=5.54866e-12 DE_GW/E=2.5244e-18 DE_GW=-3.04964e-22 v_esc_cluster[km/s]=6.7985 tcpu=0
outcome: nstar=3 nobj=2:  0 [1 2] (single-binary)
output: type=single m=0.518689 R=0.462672 Eint=0 id=37504 ktype=0
output: type=binary m0=34.6785 m1=30.1274 R0=0.000735184 R1=0.000638701 Eint1=0 Eint2=0 id0=34276 id1=100050 a=4828.58 e=0.187472 ktype1=14 ktype2=14
********************************************************************************
type=BS t=0.00387960064
params: b=5.15174 v=0.0548803
input: type=single m=1.4254 R=1.10634 Eint=0 id=108 ktype=1
input: type=binary m0=30.245 m1=19.8691 R0=0.000641193 R1=0.000421226 Eint1=0 Eint2=0 id0=31699 id1=100043 a=1354.27 e=0.0716682 ktype1=14 ktype2=14
status: DE/E=-1.62676e-07 DE=2.59219e-10 DL/L=2.73566e-08 DL=2.5924e-10 DE_GW/E=3.83195e-17 DE_GW=-6.10609e-20 v_esc_cluster[km/s]=7.23197 tcpu=0
outcome: nstar=3 nobj=2:  0 [1 2] (single-binary)
output: type=single m=1.4254 R=1.10634 Eint=0 id=108 ktype=1
output: type=binary m0=30.245 m1=19.8691 R0=0.000641193 R1=0.000421226 Eint1=0 Eint2=0 id0=31699 id1=100043 a=1312.58 e=0.0431092 ktype1=14 ktype2=14
********************************************************************************
type=BS t=0.00387960064
params: b=1.9124 v=0.262147
input: type=single m=0.757876 R=0.704808 Eint=0 id=23274 ktype=1
input: type=binary m0=34.6785 m1=30.1274 R0=0.000735184 R1=0.000638701 Eint1=0 Eint2=0 id0=34276 id1=100050 a=4828.58 e=0.187472 ktype1=14 ktype2=14
status: DE/E=9.78125e-09 DE=-2.44636e-12 DL/L=3.10635e-09 DL=6.99754e-12 DE_GW/E=2.93203e-18 DE_GW=-7.33321e-22 v_esc_cluster[km/s]=7.07213 tcpu=0.01
outcome: nstar=3 nobj=2:  0 [1 2] (single-binary)
output: type=single m=0.757876 R=0.704808 Eint=0 id=23274 ktype=1
output: type=binary m0=34.6785 m1=30.1274 R0=0.000735184 R1=0.000638701 Eint1=0 Eint2=0 id0=34276 id1=100050 a=4819.02 e=0.190171 ktype1=14 ktype2=14
********************************************************************************
type=BS t=0.00387960064
params: b=1.08663 v=0.0807725
input: type=single m=0.0809874 R=0.152384 Eint=0 id=53627 ktype=0
input: type=binary m0=34.0117 m1=22.9838 R0=0.000721047 R1=0.000487256 Eint1=0 Eint2=0 id0=21849 id1=100031 a=4676.6 e=0.37644 ktype1=14 ktype2=14
status: DE/E=1.40369e-08 DE=-5.8338e-14 DL/L=4.43466e-11 DL=4.449e-15 DE_GW/E=1.09065e-18 DE_GW=-4.53277e-24 v_esc_cluster[km/s]=6.92259 tcpu=0
outcome: nstar=3 nobj=2:  0 [1 2] (single-binary)
output: type=single m=0.0809874 R=0.152384 Eint=0 id=53627 ktype=0
output: type=binary m0=34.0117 m1=22.9838 R0=0.000721047 R1=0.000487256 Eint1=0 Eint2=0 id0=21849 id1=100031 a=4663.15 e=0.374643 ktype1=14 ktype2=14
********************************************************************************
type=BS t=0.00387960064
params: b=2.02816 v=0.210326
input: type=single m=0.246476 R=0.256557 Eint=0 id=77858 ktype=0
input: type=binary m0=18.6338 m1=19.1399 R0=0.000395036 R1=0.000405765 Eint1=0 Eint2=0 id0=96946 id1=100129 a=2932.59 e=0.170041 ktype1=14 ktype2=14
status: DE/E=4.1707e-08 DE=-3.35112e-12 DL/L=5.15549e-09 DL=5.26716e-12 DE_GW/E=1.20554e-18 DE_GW=-9.68641e-23 v_esc_cluster[km/s]=6.03808 tcpu=0
outcome: nstar=3 nobj=2:  0 [1 2] (single-binary)
output: type=single m=0.246476 R=0.256557 Eint=0 id=77858 ktype=0
output: type=binary m0=18.6338 m1=19.1399 R0=0.000395036 R1=0.000405765 Eint1=0 Eint2=0 id0=96946 id1=100129 a=2934.14 e=0.169862 ktype1=14 ktype2=14
********************************************************************************
type=BS t=0.0039361444
params: b=1.63073 v=4.86099
input: type=single m=0.169599 R=0.192265 Eint=0 id=18889 ktype=0
input: type=binary m0=0.0987037 m1=0.0908738 R0=0.142659 R1=0.146644 Eint1=0 Eint2=0 id0=38674 id1=102073 a=42.1153 e=0.571121 ktype1=0 ktype2=0
status: DE/E=2.75486e-08 DE=2.78466e-07 DL/L=4.03439e-10 DL=2.99124e-09 DE_GW/E=0 DE_GW=0 v_esc_cluster[km/s]=7.3373 tcpu=0.02
outcome: nstar=3 nobj=2:  0 [1 2] (single-binary)
output: type=single m=0.169599 R=0.192265 Eint=0 id=18889 ktype=0
output: type=binary m0=0.0987037 m1=0.0908738 R0=0.142659 R1=0.146644 Eint1=0 Eint2=0 id0=38674 id1=102073 a=36.1478 e=0.501182 ktype1=0 ktype2=0
********************************************************************************
type=BS t=0.0039361444
params: b=2.40949 v=0.126255
input: type=single m=0.165101 R=0.187895 Eint=0 id=17577 ktype=0
input: type=binary m0=34.0117 m1=22.9838 R0=0.000721047 R1=0.000487256 Eint1=0 Eint2=0 id0=21849 id1=100031 a=4663.15 e=0.374643 ktype1=14 ktype2=14
status: DE/E=2.70178e-08 DE=-4.60872e-13 DL/L=5.54719e-10 DL=1.63197e-13 DE_GW/E=9.59895e-19 DE_GW=-1.6374e-23 v_esc_cluster[km/s]=7.2743 tcpu=0
outcome: nstar=3 nobj=2:  0 [1 2] (single-binary)
output: type=single m=0.165101 R=0.187895 Eint=0 id=17577 ktype=0
output: type=binary m0=34.0117 m1=22.9838 R0=0.000721047 R1=0.000487256 Eint1=0 Eint2=0 id0=21849 id1=100031 a=4664.54 e=0.375194 ktype1=14 ktype2=14
********************************************************************************
type=BS t=0.0039361444
params: b=0.339023 v=0.0737495
input: type=single m=0.213447 R=0.230881 Eint=0 id=6145 ktype=0
input: type=binary m0=30.245 m1=19.8691 R0=0.000641193 R1=0.000421226 Eint1=0 Eint2=0 id0=31699 id1=100043 a=1312.58 e=0.0431092 ktype1=14 ktype2=14
status: DE/E=2.58815e-08 DE=-9.67492e-13 DL/L=1.57356e-08 DL=8.89984e-12 DE_GW/E=1.23645e-17 DE_GW=-4.62203e-22 v_esc_cluster[km/s]=7.053 tcpu=0.01
outcome: nstar=3 nobj=2:  0 [1 2] (single-binary)
output: type=single m=0.213447 R=0.230881 Eint=0 id=6145 ktype=0
output: type=binary m0=30.245 m1=19.8691 R0=0.000641193 R1=0.000421226 Eint1=0 Eint2=0 id0=31699 id1=100043 a=1308.59 e=0.0474927 ktype1=14 ktype2=14
********************************************************************************
type=BB t=0.0039361444
params: b=1.27707 v=0.116813
input: type=binary m0=34.6785 m1=30.1274 R0=0.000735184 R1=0.000638701 Eint1=0 Eint2=0 id0=34276 id1=100050 a=4819.02 e=0.190171 ktype1=14 ktype2=14
input: type=binary m0=0.0924893 m1=0.0518017 R0=0.145785 R1=0.17686 Eint1=0 Eint2=0 id0=11314 id1=100683 a=46.0388 e=0.44213 ktype1=0 ktype2=0
status: DE/E=1.71042e-08 DE=-1.65688e-13 DL/L=2.52773e-09 DL=5.12e-13 DE_GW/E=8.21643e-19 DE_GW=-7.95926e-24 v_esc_cluster[km/s]=7.0068 tcpu=0.02
outcome: nstar=4 nobj=2:  [0 1] [2 3] (binary-binary)
output: type=binary m0=34.6785 m1=30.1274 R0=0.000735184 R1=0.000638701 Eint1=0 Eint2=0 id0=34276 id1=100050 a=4805.77 e=0.188982 ktype1=14 ktype2=14
output: type=binary m0=0.0924893 m1=0.0518017 R0=0.145785 R1=0.17686 Eint1=0 Eint2=0 id0=11314 id1=100683 a=46.0389 e=0.441151 ktype1=0 ktype2=0
********************************************************************************
type=BS t=0.00403430078
params: b=2.26296 v=0.307005
input: type=single m=0.483824 R=0.431833 Eint=0 id=4498 ktype=0
input: type=binary m0=27.7207 m1=19.2369 R0=0.000587679 R1=0.000407822 Eint1=0 Eint2=0 id0=13077 id1=100017 a=2195.48 e=0.143846 ktype1=14 ktype2=14
status: DE/E=6.69268e-08 DE=-1.3035e-11 DL/L=5.71716e-09 DL=1.31231e-11 DE_GW/E=4.54879e-18 DE_GW=-8.85942e-22 v_esc_cluster[km/s]=7.31681 tcpu=0
outcome: nstar=3 nobj=2:  0 [1 2] (single-binary)
output: type=single m=0.483824 R=0.431833 Eint=0 id=4498 ktype=0
output: type=binary m0=27.7207 m1=19.2369 R0=0.000587679 R1=0.000407822 Eint1=0 Eint2=0 id0=13077 id1=100017 a=2206.26 e=0.141526 ktype1=14 ktype2=14
********************************************************************************
type=BS t=0.00403430078
params: b=1.62405 v=0.0781146
input: type=single m=0.121198 R=0.139601 Eint=0 id=11413 ktype=0
input: type=binary m0=34.0117 m1=22.9838 R0=0.000721047 R1=0.000487256 Eint1=0 Eint2=0 id0=21849 id1=100031 a=4664.54 e=0.375194 ktype1=14 ktype2=14
status: DE/E=1.63399e-08 DE=-1.51934e-13 DL/L=1.38241e-09 DL=2.54306e-13 DE_GW/E=6.90354e-19 DE_GW=-6.41917e-24 v_esc_cluster[km/s]=7.07202 tcpu=0.01
outcome: nstar=3 nobj=2:  0 [1 2] (single-binary)
output: type=single m=0.121198 R=0.139601 Eint=0 id=11413 ktype=0
output: type=binary m0=34.0117 m1=22.9838 R0=0.000721047 R1=0.000487256 Eint1=0 Eint2=0 id0=21849 id1=100031 a=4647.53 e=0.382448 ktype1=14 ktype2=14
********************************************************************************
type=BS t=0.00403430078
params: b=0.330688 v=0.143945
input: type=single m=0.541802 R=0.484222 Eint=0 id=28454 ktype=0
input: type=binary m0=34.6785 m1=30.1274 R0=0.000735184 R1=0.000638701 Eint1=0 Eint2=0 id0=34276 id1=100050 a=4805.77 e=0.188982 ktype1=14 ktype2=14
status: DE/E=3.14469e-07 DE=-4.25482e-11 DL/L=1.89463e-08 DL=2.82005e-11 DE_GW/E=4.09583e-18 DE_GW=-5.54172e-22 v_esc_cluster[km/s]=6.69065 tcpu=0.09
outcome: nstar=3 nobj=2:  0 [1 2] (single-binary)
output: type=single m=0.541802 R=0.484222 Eint=0 id=28454 ktype=0
output: type=binary m0=34.6785 m1=30.1274 R0=0.000735184 R1=0.000638701 Eint1=0 Eint2=0 id0=34276 id1=100050 a=4777.93 e=0.250131 ktype1=14 ktype2=14
********************************************************************************
type=BS t=0.00409398349
params: b=10.3091 v=0.0509731
input: type=single m=1.11418 R=1.0221 Eint=0 id=14489 ktype=1
input: type=binary m0=30.245 m1=19.8691 R0=0.000641193 R1=0.000421226 Eint1=0 Eint2=0 id0=31699 id1=100043 a=1308.59 e=0.0474927 ktype1=14 ktype2=14
status: DE/E=1.66343e-07 DE=-1.63992e-10 DL/L=3.84591e-08 DL=2.50697e-10 DE_GW/E=3.61663e-17 DE_GW=-3.56551e-20 v_esc_cluster[km/s]=7.38596 tcpu=0.01
outcome: nstar=3 nobj=2:  0 [1 2] (single-binary)
output: type=single m=1.11418 R=1.0221 Eint=0 id=14489 ktype=1
output: type=binary m0=30.245 m1=19.8691 R0=0.000641193 R1=0.000421226 Eint1=0 Eint2=0 id0=31699 id1=100043 a=1308.79 e=0.0447978 ktype1=14 ktype2=14
********************************************************************************
type=BS t=0.00409398349
params: b=3.75626 v=0.256612
input: type=single m=3.83212 R=2.22546 Eint=0 id=3736 ktype=1
input: type=binary m0=34.6785 m1=30.1274 R0=0.000735184 R1=0.000638701 Eint1=0 Eint2=0 id0=34276 id1=100050 a=4777.93 e=0.250131 ktype1=14 ktype2=14
status: DE/E=1.37031e-07 DE=-8.01977e-10 DL/L=8.58616e-10 DL=2.29328e-11 DE_GW/E=6.69705e-18 DE_GW=-3.91945e-20 v_esc_cluster[km/s]=7.27331 tcpu=0.01
outcome: nstar=3 nobj=2:  0 [1 2] (single-binary)
output: type=single m=3.83212 R=2.22546 Eint=0 id=3736 ktype=1
output: type=binary m0=34.6785 m1=30.1274 R0=0.000735184 R1=0.000638701 Eint1=0 Eint2=0 id0=34276 id1=100050 a=4721.35 e=0.238641 ktype1=14 ktype2=14
********************************************************************************
type=BS t=0.00409398349
params: b=1.88806 v=0.312607
input: type=single m=0.54534 R=0.487599 Eint=0 id=13044 ktype=0
input: type=binary m0=34.0117 m1=22.9838 R0=0.000721047 R1=0.000487256 Eint1=0 Eint2=0 id0=21849 id1=100031 a=4647.53 e=0.382448 ktype1=14 ktype2=14
status: DE/E=5.14601e-08 DE=-8.66555e-12 DL/L=4.28051e-10 DL=6.76074e-13 DE_GW/E=7.97436e-18 DE_GW=-1.34283e-21 v_esc_cluster[km/s]=6.89931 tcpu=0.01
outcome: nstar=3 nobj=2:  0 [1 2] (single-binary)
output: type=single m=0.54534 R=0.487599 Eint=0 id=13044 ktype=0
output: type=binary m0=34.0117 m1=22.9838 R0=0.000721047 R1=0.000487256 Eint1=0 Eint2=0 id0=21849 id1=100031 a=4642.1 e=0.384125 ktype1=14 ktype2=14
********************************************************************************
type=BS t=0.00409398349
params: b=4.9305 v=1.91874
input: type=single m=0.694641 R=0.640692 Eint=0 id=51911 ktype=1
input: type=binary m0=0.126417 m1=0.0354639 R0=0.145957 R1=0.20067 Eint1=0 Eint2=0 id0=13348 id1=100785 a=71.8236 e=0.710841 ktype1=0 ktype2=0
status: DE/E=3.47672e-07 DE=1.79212e-06 DL/L=1.9648e-10 DL=7.26282e-09 DE_GW/E=0 DE_GW=0 v_esc_cluster[km/s]=6.28686 tcpu=0.02
outcome: nstar=3 nobj=2:  [0 2] 1 (binary-single)
output: type=binary m0=0.694641 m1=0.0354639 R0=0.640692 R1=0.20067 Eint1=0 Eint2=0 id0=51911 id1=100785 a=286.957 e=0.705136 ktype1=1 ktype2=0
output: type=single m=0.126417 R=0.145957 Eint=0 id=13348 ktype=0
********************************************************************************
type=BS t=0.00419111699
params: b=1.55506 v=0.146177
input: type=single m=0.273241 R=0.276075 Eint=0 id=7472 ktype=0
input: type=binary m0=34.0117 m1=22.9838 R0=0.000721047 R1=0.000487256 Eint1=0 Eint2=0 id0=21849 id1=100031 a=4642.1 e=0.384125 ktype1=14 ktype2=14
status: DE/E=9.19654e-09 DE=-4.25698e-13 DL/L=1.05476e-09 DL=6.33909e-13 DE_GW/E=2.84899e-18 DE_GW=-1.31877e-22 v_esc_cluster[km/s]=7.16015 tcpu=0.01
outcome: nstar=3 nobj=2:  0 [1 2] (single-binary)
output: type=single m=0.273241 R=0.276075 Eint=0 id=7472 ktype=0
output: type=binary m0=34.0117 m1=22.9838 R0=0.000721047 R1=0.000487256 Eint1=0 Eint2=0 id0=21849 id1=100031 a=4648.35 e=0.385175 ktype1=14 ktype2=14
********************************************************************************
type=BS t=0.00419111699
params: b=2.1617 v=0.0877456
input: type=single m=0.0906 R=0.146792 Eint=0 id=19094 ktype=0
input: type=binary m0=34.6785 m1=30.1274 R0=0.000735184 R1=0.000638701 Eint1=0 Eint2=0 id0=34276 id1=100050 a=4721.35 e=0.238641 ktype1=14 ktype2=14
status: DE/E=1.29423e-08 DE=-5.0309e-14 DL/L=1.75437e-09 DL=1.80259e-13 DE_GW/E=1.43104e-18 DE_GW=-5.5627e-24 v_esc_cluster[km/s]=7.01412 tcpu=0.01
outcome: nstar=3 nobj=2:  0 [1 2] (single-binary)
output: type=single m=0.0906 R=0.146792 Eint=0 id=19094 ktype=0
output: type=binary m0=34.6785 m1=30.1274 R0=0.000735184 R1=0.000638701 Eint1=0 Eint2=0 id0=34276 id1=100050 a=4727.39 e=0.238141 ktype1=14 ktype2=14
********************************************************************************
type=BS t=0.00419111699
params: b=1.5549 v=0.146611
input: type=single m=0.274612 R=0.277054 Eint=0 id=19070 ktype=0
input: type=binary m0=27.7207 m1=19.2369 R0=0.000587679 R1=0.000407822 Eint1=0 Eint2=0 id0=13077 id1=100017 a=2206.26 e=0.141526 ktype1=14 ktype2=14
status: DE/E=3.42664e-08 DE=-2.34335e-12 DL/L=9.40737e-09 DL=8.42794e-12 DE_GW/E=5.23376e-18 DE_GW=-3.57916e-22 v_esc_cluster[km/s]=6.89329 tcpu=0
outcome: nstar=3 nobj=2:  0 [1 2] (single-binary)
output: type=single m=0.274612 R=0.277054 Eint=0 id=19070 ktype=0
output: type=binary m0=27.7207 m1=19.2369 R0=0.000587679 R1=0.000407822 Eint1=0 Eint2=0 id0=13077 id1=100017 a=2203.19 e=0.138107 ktype1=14 ktype2=14
********************************************************************************
type=BS t=0.00423975483
params: b=2.08071 v=0.291389
input: type=single m=0.324086 R=0.311652 Eint=0 id=43365 ktype=0
input: type=binary m0=34.6785 m1=30.1274 R0=0.000735184 R1=0.000638701 Eint1=0 Eint2=0 id0=34276 id1=100050 a=4727.39 e=0.238141 ktype1=14 ktype2=14
status: DE/E=-2.12918e-08 DE=9.69646e-13 DL/L=1.26096e-09 DL=8.06537e-13 DE_GW/E=8.78671e-19 DE_GW=-4.00154e-23 v_esc_cluster[km/s]=7.33415 tcpu=0
outcome: nstar=3 nobj=2:  0 [1 2] (single-binary)
output: type=single m=0.324086 R=0.311652 Eint=0 id=43365 ktype=0
output: type=binary m0=34.6785 m1=30.1274 R0=0.000735184 R1=0.000638701 Eint1=0 Eint2=0 id0=34276 id1=100050 a=4728.27 e=0.238344 ktype1=14 ktype2=14
********************************************************************************
type=BS t=0.00423975483
params: b=7.71234 v=0.0320355
input: type=single m=0.199719 R=0.219464 Eint=0 id=8606 ktype=0
input: type=binary m0=30.245 m1=19.8691 R0=0.000641193 R1=0.000421226 Eint1=0 Eint2=0 id0=31699 id1=100043 a=1308.79 e=0.0447978 ktype1=14 ktype2=14
status: DE/E=4.86818e-08 DE=-1.60118e-12 DL/L=3.66752e-08 DL=1.89723e-11 DE_GW/E=1.15305e-17 DE_GW=-3.79248e-22 v_esc_cluster[km/s]=7.2074 tcpu=0.01
outcome: nstar=3 nobj=2:  0 [1 2] (single-binary)
output: type=single m=0.199719 R=0.219464 Eint=0 id=8606 ktype=0
output: type=binary m0=30.245 m1=19.8691 R0=0.000641193 R1=0.000421226 Eint1=0 Eint2=0 id0=31699 id1=100043 a=1310.1 e=0.0471849 ktype1=14 ktype2=14
********************************************************************************
type=BS t=0.00423975483
params: b=8.07375 v=0.0326563
input: type=single m=0.26509 R=0.27022 Eint=0 id=16618 ktype=0
input: type=binary m0=34.0117 m1=22.9838 R0=0.000721047 R1=0.000487256 Eint1=0 Eint2=0 id0=21849 id1=100031 a=4648.35 e=0.385175 ktype1=14 ktype2=14
status: DE/E=6.68299e-08 DE=-2.97292e-12 DL/L=3.56055e-09 DL=2.14442e-12 DE_GW/E=8.88377e-19 DE_GW=-3.95193e-23 v_esc_cluster[km/s]=6.90675 tcpu=0.02
outcome: nstar=3 nobj=2:  0 [1 2] (single-binary)
output: type=single m=0.26509 R=0.27022 Eint=0 id=16618 ktype=0
output: type=binary m0=34.0117 m1=22.9838 R0=0.000721047 R1=0.000487256 Eint1=0 Eint2=0 id0=21849 id1=100031 a=4649.22 e=0.386017 ktype1=14 ktype2=14
********************************************************************************
type=BS t=0.00423975483
params: b=2.6874 v=0.0437526
input: type=single m=0.105836 R=0.13938 Eint=0 id=4832 ktype=0
input: type=binary m0=27.7207 m1=19.2369 R0=0.000587679 R1=0.000407822 Eint1=0 Eint2=0 id0=13077 id1=100017 a=2203.19 e=0.138107 ktype1=14 ktype2=14
status: DE/E=3.13399e-08 DE=-3.27045e-13 DL/L=8.70357e-09 DL=1.86387e-12 DE_GW/E=2.89218e-18 DE_GW=-3.01812e-23 v_esc_cluster[km/s]=6.90495 tcpu=0
outcome: nstar=3 nobj=2:  0 [1 2] (single-binary)
output: type=single m=0.105836 R=0.13938 Eint=0 id=4832 ktype=0
output: type=binary m0=27.7207 m1=19.2369 R0=0.000587679 R1=0.000407822 Eint1=0 Eint2=0 id0=13077 id1=100017 a=2190.45 e=0.141514 ktype1=14 ktype2=14
********************************************************************************
type=BS t=0.00423975483
params: b=1.5472 v=0.254633
input: type=single m=0.35083 R=0.330247 Eint=0 id=18696 ktype=0
input: type=binary m0=18.6338 m1=19.1399 R0=0.000395036 R1=0.000405765 Eint1=0 Eint2=0 id0=96946 id1=100129 a=2934.14 e=0.169862 ktype1=14 ktype2=14
status: DE/E=1.59721e-09 DE=-2.53012e-13 DL/L=4.79869e-09 DL=7.86526e-12 DE_GW/E=2.89344e-18 DE_GW=-4.58347e-22 v_esc_cluster[km/s]=6.28405 tcpu=0
outcome: nstar=3 nobj=2:  0 [1 2] (single-binary)
output: type=single m=0.35083 R=0.330247 Eint=0 id=18696 ktype=0
output: type=binary m0=18.6338 m1=19.1399 R0=0.000395036 R1=0.000405765 Eint1=0 Eint2=0 id0=96946 id1=100129 a=2924.41 e=0.174714 ktype1=14 ktype2=14
********************************************************************************
type=BS t=0.00432751231
params: b=2.17185 v=0.267868
input: type=single m=0.968694 R=0.899044 Eint=0 id=7143 ktype=1
input: type=binary m0=34.6785 m1=30.1274 R0=0.000735184 R1=0.000638701 Eint1=0 Eint2=0 id0=34276 id1=100050 a=4728.27 e=0.238344 ktype1=14 ktype2=14
status: DE/E=5.35887e-08 DE=-2.16856e-11 DL/L=2.01392e-09 DL=7.79144e-12 DE_GW/E=4.92315e-18 DE_GW=-1.99223e-21 v_esc_cluster[km/s]=7.27494 tcpu=0.01
outcome: nstar=3 nobj=2:  0 [1 2] (single-binary)
output: type=single m=0.968694 R=0.899044 Eint=0 id=7143 ktype=1
output: type=binary m0=34.6785 m1=30.1274 R0=0.000735184 R1=0.000638701 Eint1=0 Eint2=0 id0=34276 id1=100050 a=4763.29 e=0.230246 ktype1=14 ktype2=14
********************************************************************************
type=BS t=0.00432751231
params: b=1.58381 v=0.103112
input: type=single m=0.158032 R=0.180838 Eint=0 id=8788 ktype=0
input: type=binary m0=34.0117 m1=22.9838 R0=0.000721047 R1=0.000487256 Eint1=0 Eint2=0 id0=21849 id1=100031 a=4649.22 e=0.386017 ktype1=14 ktype2=14
status: DE/E=2.49211e-08 DE=-3.91682e-13 DL/L=6.26878e-10 DL=1.70344e-13 DE_GW/E=3.52172e-18 DE_GW=-5.53505e-23 v_esc_cluster[km/s]=7.26528 tcpu=0
outcome: nstar=3 nobj=2:  0 [1 2] (single-binary)
output: type=single m=0.158032 R=0.180838 Eint=0 id=8788 ktype=0
output: type=binary m0=34.0117 m1=22.9838 R0=0.000721047 R1=0.000487256 Eint1=0 Eint2=0 id0=21849 id1=100031 a=4654.22 e=0.382361 ktype1=14 ktype2=14
********************************************************************************
type=BS t=0.00432751231
params: b=2.85716 v=2.71071
input: type=single m=5.28312 R=5.34654 Eint=0 id=15307 ktype=1
input: type=binary m0=0.302827 m1=0.297369 R0=0.2969 R1=0.293094 Eint1=0 Eint2=0 id0=7956 id1=100523 a=35.8446 e=0.213967 ktype1=0 ktype2=0
status: DE/E=2.62133e-07 DE=2.68385e-06 DL/L=4.26292e-10 DL=1.05569e-08 DE_GW/E=0 DE_GW=0 v_esc_cluster[km/s]=7.01177 tcpu=0.01
outcome: nstar=3 nobj=3:  0 1 2 (single-single-single)
output: type=single m=5.28312 R=5.34654 Eint=0 id=15307 ktype=1
output: type=single m=0.302827 R=0.2969 Eint=0 id=7956 ktype=0
output: type=single m=0.297369 R=0.293094 Eint=0 id=100523 ktype=0
********************************************************************************
type=BS t=0.00432751231
params: b=1.51324 v=0.0994101
input: type=single m=0.0888933 R=0.147725 Eint=0 id=53190 ktype=0
input: type=binary m0=27.7207 m1=19.2369 R0=0.000587679 R1=0.000407822 Eint1=0 Eint2=0 id0=13077 id1=100017 a=2190.45 e=0.141514 ktype1=14 ktype2=14
status: DE/E=2.31673e-08 DE=-1.69312e-13 DL/L=5.89548e-09 DL=9.70222e-13 DE_GW/E=1.46358e-18 DE_GW=-1.06962e-23 v_esc_cluster[km/s]=6.94021 tcpu=0
outcome: nstar=3 nobj=2:  0 [1 2] (single-binary)
output: type=single m=0.0888933 R=0.147725 Eint=0 id=53190 ktype=0
output: type=binary m0=27.7207 m1=19.2369 R0=0.000587679 R1=0.000407822 Eint1=0 Eint2=0 id0=13077 id1=100017 a=2181.16 e=0.14647 ktype1=14 ktype2=14
********************************************************************************
type=BS t=0.00432751231
params: b=2.59221 v=0.0743345
input: type=single m=0.343728 R=0.32529 Eint=0 id=19897 ktype=0
input: type=binary m0=21.9224 m1=18.4316 R0=0.000464755 R1=0.000390749 Eint1=0 Eint2=0 id0=26478 id1=100037 a=174.188 e=0.234428 ktype1=14 ktype2=14
status: DE/E=-1.82494e-09 DE=2.6087e-13 DL/L=2.60348e-09 DL=3.96337e-12 DE_GW/E=2.50236e-15 DE_GW=-3.57705e-19 v_esc_cluster[km/s]=6.81941 tcpu=0
outcome: nstar=3 nobj=2:  0 [1 2] (single-binary)
output: type=single m=0.343728 R=0.32529 Eint=0 id=19897 ktype=0
output: type=binary m0=21.9224 m1=18.4316 R0=0.000464755 R1=0.000390749 Eint1=0 Eint2=0 id0=26478 id1=100037 a=167.841 e=0.207947 ktype1=14 ktype2=14
********************************************************************************
type=BB t=0.00440173418
params: b=2.12151 v=0.0986916
input: type=binary m0=0.138537 m1=0.133731 R0=0.160029 R1=0.15456 Eint1=0 Eint2=0 id0=8117 id1=100529 a=23.4571 e=0.802521 ktype1=0 ktype2=0
input: type=binary m0=30.245 m1=19.8691 R0=0.000641193 R1=0.000421226 Eint1=0 Eint2=0 id0=31699 id1=100043 a=1310.1 e=0.0471849 ktype1=14 ktype2=14
status: DE/E=4.63189e-08 DE=-2.74459e-12 DL/L=1.28509e-08 DL=9.73696e-12 DE_GW/E=1.73881e-17 DE_GW=-1.03031e-21 v_esc_cluster[km/s]=7.36659 tcpu=0.07
outcome: nstar=4 nobj=2:  [0 1] [2 3] (binary-binary)
output: type=binary m0=0.138537 m1=0.133731 R0=0.160029 R1=0.15456 Eint1=0 Eint2=0 id0=8117 id1=100529 a=23.333 e=0.790697 ktype1=0 ktype2=0
output: type=binary m0=30.245 m1=19.8691 R0=0.000641193 R1=0.000421226 Eint1=0 Eint2=0 id0=31699 id1=100043 a=1305.99 e=0.0524703 ktype1=14 ktype2=14
********************************************************************************
type=BS t=0.00440173418
params: b=2.16791 v=0.189032
input: type=single m=0.389728 R=0.357921 Eint=0 id=12592 ktype=0
input: type=binary m0=34.6785 m1=30.1274 R0=0.000735184 R1=0.000638701 Eint1=0 Eint2=0 id0=34276 id1=100050 a=4763.29 e=0.230246 ktype1=14 ktype2=14
status: DE/E=1.70159e-08 DE=-1.17847e-12 DL/L=1.9609e-09 DL=1.70344e-12 DE_GW/E=3.20951e-18 DE_GW=-2.2228e-22 v_esc_cluster[km/s]=7.34951 tcpu=0.01
outcome: nstar=3 nobj=2:  0 [1 2] (single-binary)
output: type=single m=0.389728 R=0.357921 Eint=0 id=12592 ktype=0
output: type=binary m0=34.6785 m1=30.1274 R0=0.000735184 R1=0.000638701 Eint1=0 Eint2=0 id0=34276 id1=100050 a=4768.09 e=0.228775 ktype1=14 ktype2=14
********************************************************************************
type=BS t=0.00440173418
params: b=2.05873 v=0.381704
input: type=single m=0.503657 R=0.449141 Eint=0 id=5649 ktype=0
input: type=binary m0=18.6338 m1=19.1399 R0=0.000395036 R1=0.000405765 Eint1=0 Eint2=0 id0=96946 id1=100129 a=2924.41 e=0.174714 ktype1=14 ktype2=14
status: DE/E=-5.33052e-08 DE=1.57716e-11 DL/L=4.06262e-09 DL=1.23232e-11 DE_GW/E=2.6624e-18 DE_GW=-7.87734e-22 v_esc_cluster[km/s]=7.24313 tcpu=0
outcome: nstar=3 nobj=2:  0 [1 2] (single-binary)
output: type=single m=0.503657 R=0.449141 Eint=0 id=5649 ktype=0
output: type=binary m0=18.6338 m1=19.1399 R0=0.000395036 R1=0.000405765 Eint1=0 Eint2=0 id0=96946 id1=100129 a=2923.34 e=0.171213 ktype1=14 ktype2=14
********************************************************************************
type=BS t=0.00440173418
params: b=5.1164 v=0.0767267
input: type=single m=0.387189 R=0.356079 Eint=0 id=21497 ktype=0
input: type=binary m0=16.7688 m1=17.3967 R0=0.000355498 R1=0.00036881 Eint1=0 Eint2=0 id0=23071 id1=100033 a=580.62 e=0.293483 ktype1=14 ktype2=14
status: DE/E=6.24116e-08 DE=-1.55869e-11 DL/L=2.26037e-09 DL=5.5364e-12 DE_GW/E=5.74504e-17 DE_GW=-1.43479e-20 v_esc_cluster[km/s]=7.10902 tcpu=0.02
outcome: nstar=3 nobj=2:  0 [1 2] (single-binary)
output: type=single m=0.387189 R=0.356079 Eint=0 id=21497 ktype=0
output: type=binary m0=16.7688 m1=17.3967 R0=0.000355498 R1=0.00036881 Eint1=0 Eint2=0 id0=23071 id1=100033 a=582.391 e=0.269698 ktype1=14 ktype2=14
********************************************************************************
type=BS t=0.00440173418
params: b=4.69715 v=0.0438358
input: type=single m=0.158205 R=0.181013 Eint=0 id=37881 ktype=0
input: type=binary m0=32.2692 m1=24.2754 R0=0.000684107 R1=0.000514638 Eint1=0 Eint2=0 id0=10974 id1=100013 a=624.034 e=0.296216 ktype1=14 ktype2=14
status: DE/E=4.7524e-08 DE=-7.53537e-13 DL/L=1.06517e-09 DL=2.98645e-13 DE_GW/E=2.53431e-16 DE_GW=-4.01838e-21 v_esc_cluster[km/s]=6.99577 tcpu=0.01
outcome: nstar=3 nobj=2:  0 [1 2] (single-binary)
output: type=single m=0.158205 R=0.181013 Eint=0 id=37881 ktype=0
output: type=binary m0=32.2692 m1=24.2754 R0=0.000684107 R1=0.000514638 Eint1=0 Eint2=0 id0=10974 id1=100013 a=624.33 e=0.297427 ktype1=14 ktype2=14
********************************************************************************
type=BS t=0.00440173418
params: b=2.9993 v=0.103573
input: type=single m=0.170068 R=0.192716 Eint=0 id=4494 ktype=0
input: type=binary m0=27.7207 m1=19.2369 R0=0.000587679 R1=0.000407822 Eint1=0 Eint2=0 id0=13077 id1=100017 a=2181.16 e=0.14647 ktype1=14 ktype2=14
status: DE/E=9.86828e-09 DE=-2.62842e-13 DL/L=9.53578e-09 DL=4.24529e-12 DE_GW/E=4.32149e-18 DE_GW=-1.15103e-22 v_esc_cluster[km/s]=6.87995 tcpu=0
outcome: nstar=3 nobj=2:  0 [1 2] (single-binary)
output: type=single m=0.170068 R=0.192716 Eint=0 id=4494 ktype=0
output: type=binary m0=27.7207 m1=19.2369 R0=0.000587679 R1=0.000407822 Eint1=0 Eint2=0 id0=13077 id1=100017 a=2183.15 e=0.144977 ktype1=14 ktype2=14
********************************************************************************
type=BS t=0.00440173418
params: b=2.62671 v=0.0881108
input: type=single m=0.138669 R=0.160176 Eint=0 id=4791 ktype=0
input: type=binary m0=34.0117 m1=22.9838 R0=0.000721047 R1=0.000487256 Eint1=0 Eint2=0 id0=21849 id1=100031 a=4654.22 e=0.382361 ktype1=14 ktype2=14
status: DE/E=3.0932e-08 DE=-3.75656e-13 DL/L=1.00948e-09 DL=2.26501e-13 DE_GW/E=3.7645e-18 DE_GW=-4.57183e-23 v_esc_cluster[km/s]=6.86477 tcpu=0.01
outcome: nstar=3 nobj=2:  0 [1 2] (single-binary)
output: type=single m=0.138669 R=0.160176 Eint=0 id=4791 ktype=0
output: type=binary m0=34.0117 m1=22.9838 R0=0.000721047 R1=0.000487256 Eint1=0 Eint2=0 id0=21849 id1=100031 a=4649.44 e=0.382117 ktype1=14 ktype2=14
********************************************************************************
type=BS t=0.00446109104
params: b=2.22125 v=0.084519
input: type=single m=0.133969 R=0.154835 Eint=0 id=975 ktype=0
input: type=binary m0=34.0117 m1=22.9838 R0=0.000721047 R1=0.000487256 Eint1=0 Eint2=0 id0=21849 id1=100031 a=4649.44 e=0.382117 ktype1=14 ktype2=14
status: DE/E=2.62928e-08 DE=-2.98275e-13 DL/L=1.09617e-09 DL=2.29959e-13 DE_GW/E=8.74372e-19 DE_GW=-9.91918e-24 v_esc_cluster[km/s]=7.35171 tcpu=0
outcome: nstar=3 nobj=2:  0 [1 2] (single-binary)
output: type=single m=0.133969 R=0.154835 Eint=0 id=975 ktype=0
output: type=binary m0=34.0117 m1=22.9838 R0=0.000721047 R1=0.000487256 Eint1=0 Eint2=0 id0=21849 id1=100031 a=4649.53 e=0.382131 ktype1=14 ktype2=14
********************************************************************************
type=BS t=0.00446109104
params: b=1.20871 v=0.10168
input: type=single m=0.193294 R=0.213931 Eint=0 id=23669 ktype=0
input: type=binary m0=34.6785 m1=30.1274 R0=0.000735184 R1=0.000638701 Eint1=0 Eint2=0 id0=34276 id1=100050 a=4768.09 e=0.228775 ktype1=14 ktype2=14
status: DE/E=1.59079e-08 DE=-2.79833e-13 DL/L=1.93886e-09 DL=6.13785e-13 DE_GW/E=1.04002e-18 DE_GW=-1.82949e-23 v_esc_cluster[km/s]=6.76325 tcpu=0.01
outcome: nstar=3 nobj=2:  0 [1 2] (single-binary)
output: type=single m=0.193294 R=0.213931 Eint=0 id=23669 ktype=0
output: type=binary m0=34.6785 m1=30.1274 R0=0.000735184 R1=0.000638701 Eint1=0 Eint2=0 id0=34276 id1=100050 a=4765.59 e=0.22739 ktype1=14 ktype2=14
********************************************************************************
type=BS t=0.00446109104
params: b=1.69057 v=0.279491
input: type=single m=0.897678 R=0.834767 Eint=0 id=41292 ktype=1
input: type=binary m0=18.6338 m1=19.1399 R0=0.000395036 R1=0.000405765 Eint1=0 Eint2=0 id0=96946 id1=100129 a=2923.34 e=0.171213 ktype1=14 ktype2=14
status: DE/E=1.2658e-07 DE=-1.2578e-10 DL/L=8.7576e-09 DL=6.85638e-11 DE_GW/E=3.57025e-18 DE_GW=-3.5477e-21 v_esc_cluster[km/s]=6.26771 tcpu=0.01
outcome: nstar=3 nobj=2:  0 [1 2] (single-binary)
output: type=single m=0.897678 R=0.834767 Eint=0 id=41292 ktype=1
output: type=binary m0=18.6338 m1=19.1399 R0=0.000395036 R1=0.000405765 Eint1=0 Eint2=0 id0=96946 id1=100129 a=2950.7 e=0.161117 ktype1=14 ktype2=14
********************************************************************************
type=BS t=0.00450734107
params: b=2.1495 v=0.118151
input: type=single m=0.152127 R=0.174753 Eint=0 id=5238 ktype=0
input: type=binary m0=34.0117 m1=22.9838 R0=0.000721047 R1=0.000487256 Eint1=0 Eint2=0 id0=21849 id1=100031 a=4649.53 e=0.382131 ktype1=14 ktype2=14
status: DE/E=2.11976e-08 DE=-3.07752e-13 DL/L=1.06877e-09 DL=2.73085e-13 DE_GW/E=2.00929e-18 DE_GW=-2.91712e-23 v_esc_cluster[km/s]=7.33786 tcpu=0
outcome: nstar=3 nobj=2:  0 [1 2] (single-binary)
output: type=single m=0.152127 R=0.174753 Eint=0 id=5238 ktype=0
output: type=binary m0=34.0117 m1=22.9838 R0=0.000721047 R1=0.000487256 Eint1=0 Eint2=0 id0=21849 id1=100031 a=4655.37 e=0.380971 ktype1=14 ktype2=14
********************************************************************************
type=BS t=0.00450734107
params: b=1.52677 v=0.128807
input: type=single m=0.69608 R=0.642212 Eint=0 id=13881 ktype=1
input: type=binary m0=30.245 m1=19.8691 R0=0.000641193 R1=0.000421226 Eint1=0 Eint2=0 id0=31699 id1=100043 a=1305.99 e=0.0524703 ktype1=14 ktype2=14
status: DE/E=7.46029e-08 DE=-2.87716e-11 DL/L=1.55804e-08 DL=5.11039e-11 DE_GW/E=4.02271e-17 DE_GW=-1.55141e-20 v_esc_cluster[km/s]=6.96535 tcpu=0.01
outcome: nstar=3 nobj=2:  0 [1 2] (single-binary)
output: type=single m=0.69608 R=0.642212 Eint=0 id=13881 ktype=1
output: type=binary m0=30.245 m1=19.8691 R0=0.000641193 R1=0.000421226 Eint1=0 Eint2=0 id0=31699 id1=100043 a=1269.68 e=0.00489942 ktype1=14 ktype2=14
********************************************************************************
type=BS t=0.00450734107
params: b=2.61981 v=0.068545
input: type=single m=0.0804945 R=0.152694 Eint=0 id=12892 ktype=0
input: type=binary m0=27.7207 m1=19.2369 R0=0.000587679 R1=0.000407822 Eint1=0 Eint2=0 id0=13077 id1=100017 a=2183.15 e=0.144977 ktype1=14 ktype2=14
status: DE/E=2.60535e-08 DE=-1.56999e-13 DL/L=8.64877e-09 DL=1.23644e-12 DE_GW/E=2.19499e-18 DE_GW=-1.3227e-23 v_esc_cluster[km/s]=6.93584 tcpu=0
outcome: nstar=3 nobj=2:  0 [1 2] (single-binary)
output: type=single m=0.0804945 R=0.152694 Eint=0 id=12892 ktype=0
output: type=binary m0=27.7207 m1=19.2369 R0=0.000587679 R1=0.000407822 Eint1=0 Eint2=0 id0=13077 id1=100017 a=2185.05 e=0.145717 ktype1=14 ktype2=14
********************************************************************************
type=BS t=0.00450734107
params: b=1.63763 v=0.0545899
input: type=single m=0.129441 R=0.149558 Eint=0 id=21486 ktype=0
input: type=binary m0=34.6785 m1=30.1274 R0=0.000735184 R1=0.000638701 Eint1=0 Eint2=0 id0=34276 id1=100050 a=4765.59 e=0.22739 ktype1=14 ktype2=14
status: DE/E=1.61509e-08 DE=-1.28606e-13 DL/L=3.15937e-09 DL=5.47191e-13 DE_GW/E=8.42508e-19 DE_GW=-6.70871e-24 v_esc_cluster[km/s]=6.90718 tcpu=0
outcome: nstar=3 nobj=2:  0 [1 2] (single-binary)
output: type=single m=0.129441 R=0.149558 Eint=0 id=21486 ktype=0
output: type=binary m0=34.6785 m1=30.1274 R0=0.000735184 R1=0.000638701 Eint1=0 Eint2=0 id0=34276 id1=100050 a=4758.95 e=0.230516 ktype1=14 ktype2=14
********************************************************************************
type=BS t=0.00458763522
params: b=1.72741 v=0.0945904
input: type=single m=0.365506 R=0.340569 Eint=0 id=5856 ktype=0
input: type=binary m0=30.245 m1=19.8691 R0=0.000641193 R1=0.000421226 Eint1=0 Eint2=0 id0=31699 id1=100043 a=1269.68 e=0.00489942 ktype1=14 ktype2=14
status: DE/E=4.22297e-08 DE=-4.5849e-12 DL/L=1.17379e-08 DL=1.50482e-11 DE_GW/E=2.85925e-17 DE_GW=-3.10431e-21 v_esc_cluster[km/s]=7.28637 tcpu=0
outcome: nstar=3 nobj=2:  0 [1 2] (single-binary)
output: type=single m=0.365506 R=0.340569 Eint=0 id=5856 ktype=0
output: type=binary m0=30.245 m1=19.8691 R0=0.000641193 R1=0.000421226 Eint1=0 Eint2=0 id0=31699 id1=100043 a=1232.02 e=0.0264069 ktype1=14 ktype2=14
********************************************************************************
type=BS t=0.00458763522
params: b=1.40932 v=0.12571
input: type=single m=0.138185 R=0.159633 Eint=0 id=46416 ktype=0
input: type=binary m0=34.6785 m1=30.1274 R0=0.000735184 R1=0.000638701 Eint1=0 Eint2=0 id0=34276 id1=100050 a=4758.95 e=0.230516 ktype1=14 ktype2=14
status: DE/E=1.61993e-08 DE=-1.45076e-13 DL/L=1.53189e-09 DL=2.89318e-13 DE_GW/E=1.44608e-18 DE_GW=-1.29507e-23 v_esc_cluster[km/s]=7.21029 tcpu=0
outcome: nstar=3 nobj=2:  0 [1 2] (single-binary)
output: type=single m=0.138185 R=0.159633 Eint=0 id=46416 ktype=0
output: type=binary m0=34.6785 m1=30.1274 R0=0.000735184 R1=0.000638701 Eint1=0 Eint2=0 id0=34276 id1=100050 a=4754.21 e=0.228394 ktype1=14 ktype2=14
********************************************************************************
type=BS t=0.00458763522
params: b=1.61981 v=0.100838
input: type=single m=0.318196 R=0.307571 Eint=0 id=12094 ktype=0
input: type=binary m0=34.0117 m1=22.9838 R0=0.000721047 R1=0.000487256 Eint1=0 Eint2=0 id0=21849 id1=100031 a=4655.37 e=0.380971 ktype1=14 ktype2=14
status: DE/E=4.44656e-07 DE=-2.81878e-11 DL/L=9.76768e-10 DL=7.81237e-13 DE_GW/E=5.27256e-19 DE_GW=-3.3424e-23 v_esc_cluster[km/s]=7.05652 tcpu=0.11
outcome: nstar=3 nobj=2:  0 [1 2] (single-binary)
output: type=single m=0.318196 R=0.307571 Eint=0 id=12094 ktype=0
output: type=binary m0=34.0117 m1=22.9838 R0=0.000721047 R1=0.000487256 Eint1=0 Eint2=0 id0=21849 id1=100031 a=4699.79 e=0.364554 ktype1=14 ktype2=14
********************************************************************************
type=BS t=0.00458763522
params: b=4.45425 v=0.0730335
input: type=single m=0.0954286 R=0.144273 Eint=0 id=43461 ktype=0
input: type=binary m0=5.06258 m1=4.02631 R0=4.77443 R1=2.48366 Eint1=0 Eint2=0 id0=43445 id1=102283 a=60.3449 e=0.779299 ktype1=1 ktype2=1
status: DE/E=1.1166e-07 DE=-2.4297e-11 DL/L=9.79165e-10 DL=1.21977e-12 DE_GW/E=-0 DE_GW=0 v_esc_cluster[km/s]=6.99014 tcpu=0.03
outcome: nstar=3 nobj=2:  0 [1 2] (single-binary)
output: type=single m=0.0954286 R=0.144273 Eint=0 id=43461 ktype=0
output: type=binary m0=5.06258 m1=4.02631 R0=4.77443 R1=2.48366 Eint1=0 Eint2=0 id0=43445 id1=102283 a=59.8698 e=0.784688 ktype1=1 ktype2=1
********************************************************************************
type=BS t=0.00458763522
params: b=3.37303 v=0.0607891
input: type=single m=0.0979436 R=0.143027 Eint=0 id=49094 ktype=0
input: type=binary m0=27.7207 m1=19.2369 R0=0.000587679 R1=0.000407822 Eint1=0 Eint2=0 id0=13077 id1=100017 a=2185.05 e=0.145717 ktype1=14 ktype2=14
status: DE/E=2.72871e-08 DE=-2.43513e-13 DL/L=9.28011e-09 DL=1.7882e-12 DE_GW/E=2.97468e-18 DE_GW=-2.65463e-23 v_esc_cluster[km/s]=6.90295 tcpu=0
outcome: nstar=3 nobj=2:  0 [1 2] (single-binary)
output: type=single m=0.0979436 R=0.143027 Eint=0 id=49094 ktype=0
output: type=binary m0=27.7207 m1=19.2369 R0=0.000587679 R1=0.000407822 Eint1=0 Eint2=0 id0=13077 id1=100017 a=2182.96 e=0.148201 ktype1=14 ktype2=14
********************************************************************************
type=BS t=0.00458763522
params: b=10.6501 v=0.224098
input: type=single m=0.654026 R=0.598147 Eint=0 id=33214 ktype=1
input: type=binary m0=0.951012 m1=0.881095 R0=0.883186 R1=0.819829 Eint1=0 Eint2=0 id0=14881 id1=100856 a=13.296 e=0.150065 ktype1=1 ktype2=1
status: DE/E=5.59524e-07 DE=-7.36624e-08 DL/L=1.68217e-08 DL=6.64316e-09 DE_GW/E=-0 DE_GW=0 v_esc_cluster[km/s]=6.52065 tcpu=0.01
outcome: nstar=3 nobj=2:  0 [1 2] (single-binary)
output: type=single m=0.654026 R=0.598147 Eint=0 id=33214 ktype=1
output: type=binary m0=0.951012 m1=0.881095 R0=0.883186 R1=0.819829 Eint1=0 Eint2=0 id0=14881 id1=100856 a=13.1991 e=0.122691 ktype1=1 ktype2=1
********************************************************************************
type=BS t=0.00467520919
params: b=7.93425 v=0.0426284
input: type=single m=0.409412 R=0.372425 Eint=0 id=72910 ktype=0
input: type=binary m0=32.2692 m1=24.2754 R0=0.000684107 R1=0.000514638 Eint1=0 Eint2=0 id0=10974 id1=100013 a=624.33 e=0.297427 ktype1=14 ktype2=14
status: DE/E=5.92056e-08 DE=-6.23223e-12 DL/L=5.37322e-09 DL=6.45329e-12 DE_GW/E=3.09408e-16 DE_GW=-3.25696e-20 v_esc_cluster[km/s]=7.18937 tcpu=0.02
outcome: nstar=3 nobj=2:  0 [1 2] (single-binary)
output: type=single m=0.409412 R=0.372425 Eint=0 id=72910 ktype=0
output: type=binary m0=32.2692 m1=24.2754 R0=0.000684107 R1=0.000514638 Eint1=0 Eint2=0 id0=10974 id1=100013 a=625.148 e=0.29737 ktype1=14 ktype2=14
********************************************************************************
type=BS t=0.00467520919
params: b=3.70511 v=0.0214147
input: type=single m=0.0888504 R=0.147749 Eint=0 id=22501 ktype=0
input: type=binary m0=34.0117 m1=22.9838 R0=0.000721047 R1=0.000487256 Eint1=0 Eint2=0 id0=21849 id1=100031 a=4699.79 e=0.364554 ktype1=14 ktype2=14
status: DE/E=3.71136e-08 DE=-1.86733e-13 DL/L=2.75356e-09 DL=3.2159e-13 DE_GW/E=2.37263e-19 DE_GW=-1.19376e-24 v_esc_cluster[km/s]=7.05572 tcpu=0.01
outcome: nstar=3 nobj=2:  0 [1 2] (single-binary)
output: type=single m=0.0888504 R=0.147749 Eint=0 id=22501 ktype=0
output: type=binary m0=34.0117 m1=22.9838 R0=0.000721047 R1=0.000487256 Eint1=0 Eint2=0 id0=21849 id1=100031 a=4687.54 e=0.365715 ktype1=14 ktype2=14
********************************************************************************
type=BB t=0.00467520919
params: b=2.83286 v=0.327069
input: type=binary m0=34.6785 m1=30.1274 R0=0.000735184 R1=0.000638701 Eint1=0 Eint2=0 id0=34276 id1=100050 a=4754.21 e=0.228394 ktype1=14 ktype2=14
input: type=binary m0=3.04742 m1=0.320328 R0=1.76304 R1=0.30905 Eint1=0 Eint2=0 id0=9177 id1=100576 a=20.6658 e=0.726469 ktype1=1 ktype2=0
status: DE/E=1.11559e-07 DE=-4.00452e-10 DL/L=1.81571e-09 DL=2.79253e-11 DE_GW/E=3.98106e-14 DE_GW=-1.42904e-16 v_esc_cluster[km/s]=7.04461 tcpu=0
outcome: nstar=4 nobj=2:  [0 1] [2 3] (binary-binary)
output: type=binary m0=34.6785 m1=30.1274 R0=0.000735184 R1=0.000638701 Eint1=0 Eint2=0 id0=34276 id1=100050 a=4712.72 e=0.261593 ktype1=14 ktype2=14
output: type=binary m0=3.04742 m1=0.320328 R0=1.76304 R1=0.30905 Eint1=0 Eint2=0 id0=9177 id1=100576 a=20.6658 e=0.726469 ktype1=1 ktype2=0
********************************************************************************
type=BS t=0.00467520919
params: b=2.74596 v=0.350081
input: type=single m=1.93912 R=1.22346 Eint=0 id=5599 ktype=1
input: type=binary m0=27.7207 m1=19.2369 R0=0.000587679 R1=0.000407822 Eint1=0 Eint2=0 id0=13077 id1=100017 a=2182.96 e=0.148201 ktype1=14 ktype2=14
status: DE/E=7.00073e-08 DE=-1.99735e-10 DL/L=9.94075e-09 DL=1.95033e-10 DE_GW/E=1.41089e-17 DE_GW=-4.02536e-20 v_esc_cluster[km/s]=7.02017 tcpu=0.01
outcome: nstar=3 nobj=2:  0 [1 2] (single-binary)
output: type=single m=1.93912 R=1.22346 Eint=0 id=5599 ktype=1
output: type=binary m0=27.7207 m1=19.2369 R0=0.000587679 R1=0.000407822 Eint1=0 Eint2=0 id0=13077 id1=100017 a=2203.35 e=0.142568 ktype1=14 ktype2=14
********************************************************************************
type=BS t=0.00467520919
params: b=4.34495 v=0.179301
input: type=single m=5.32598 R=52.8674 Eint=0 id=20651 ktype=4
input: type=binary m0=30.245 m1=19.8691 R0=0.000641193 R1=0.000421226 Eint1=0 Eint2=0 id0=31699 id1=100043 a=1232.02 e=0.0264069 ktype1=14 ktype2=14
status: DE/E=1.89429e-07 DE=-3.5356e-09 DL/L=3.29577e-08 DL=2.13432e-09 DE_GW/E=6.21057e-17 DE_GW=-1.15917e-18 v_esc_cluster[km/s]=6.96328 tcpu=0.01
outcome: nstar=3 nobj=2:  0 [1 2] (single-binary)
output: type=single m=5.32598 R=52.8674 Eint=0 id=20651 ktype=4
output: type=binary m0=30.245 m1=19.8691 R0=0.000641193 R1=0.000421226 Eint1=0 Eint2=0 id0=31699 id1=100043 a=1245.05 e=0.101429 ktype1=14 ktype2=14
********************************************************************************
type=BS t=0.00467520919
params: b=4.40739 v=0.390842
input: type=single m=0.159217 R=0.182038 Eint=0 id=26207 ktype=0
input: type=binary m0=0.437809 m1=0.2359 R0=0.394155 R1=0.248568 Eint1=0 Eint2=0 id0=2849 id1=100255 a=72.1085 e=0.937066 ktype1=0 ktype2=0
status: DE/E=-3.36483e-07 DE=2.28898e-08 DL/L=4.45642e-09 DL=1.35337e-09 DE_GW/E=-0 DE_GW=0 v_esc_cluster[km/s]=6.8447 tcpu=0.13
outcome: nstar=3 nobj=2:  2 [1 0] (single-binary)
output: type=single m=0.2359 R=0.248568 Eint=0 id=100255 ktype=0
output: type=binary m0=0.437809 m1=0.159217 R0=0.394155 R1=0.182038 Eint1=0 Eint2=0 id0=2849 id1=26207 a=54.9934 e=0.759428 ktype1=0 ktype2=0
********************************************************************************
type=BS t=0.00467520919
params: b=38.1969 v=0.00510714
input: type=single m=0.255983 R=0.263594 Eint=0 id=24062 ktype=0
input: type=binary m0=39.0895 m1=43.3654 R0=0.000828697 R1=0.000919348 Eint1=0 Eint2=0 id0=23508 id1=100034 a=22.5468 e=0.0537887 ktype1=14 ktype2=14
status: DE/E=1.05224e-07 DE=-2.02117e-12 DL/L=4.88512e-08 DL=1.64914e-11 DE_GW/E=9.16406e-13 DE_GW=-1.76025e-17 v_esc_cluster[km/s]=5.85315 tcpu=0.01
outcome: nstar=3 nobj=2:  0 [1 2] (single-binary)
output: type=single m=0.255983 R=0.263594 Eint=0 id=24062 ktype=0
output: type=binary m0=39.0895 m1=43.3654 R0=0.000828697 R1=0.000919348 Eint1=0 Eint2=0 id0=23508 id1=100034 a=22.5457 e=0.0538501 ktype1=14 ktype2=14
********************************************************************************
type=BS t=0.00473731697
params: b=8.96906 v=0.0207391
input: type=single m=0.10867 R=0.138157 Eint=0 id=11764 ktype=0
input: type=binary m0=30.245 m1=19.8691 R0=0.000641193 R1=0.000421226 Eint1=0 Eint2=0 id0=31699 id1=100043 a=1245.05 e=0.101429 ktype1=14 ktype2=14
status: DE/E=6.46805e-08 DE=-6.32507e-13 DL/L=2.93417e-08 DL=6.04999e-12 DE_GW/E=9.64557e-18 DE_GW=-9.43235e-23 v_esc_cluster[km/s]=7.06562 tcpu=0.01
outcome: nstar=3 nobj=2:  0 [1 2] (single-binary)
output: type=single m=0.10867 R=0.138157 Eint=0 id=11764 ktype=0
output: type=binary m0=30.245 m1=19.8691 R0=0.000641193 R1=0.000421226 Eint1=0 Eint2=0 id0=31699 id1=100043 a=1245.24 e=0.102408 ktype1=14 ktype2=14
********************************************************************************
type=BS t=0.00473731697
params: b=2.83321 v=0.142041
input: type=single m=0.438633 R=0.394803 Eint=0 id=15573 ktype=0
input: type=binary m0=34.6785 m1=30.1274 R0=0.000735184 R1=0.000638701 Eint1=0 Eint2=0 id0=34276 id1=100050 a=4712.72 e=0.261593 ktype1=14 ktype2=14
status: DE/E=-1.4439e-08 DE=1.28522e-12 DL/L=2.01127e-09 DL=2.07861e-12 DE_GW/E=3.86743e-18 DE_GW=-3.4424e-22 v_esc_cluster[km/s]=7.00947 tcpu=0.01
outcome: nstar=3 nobj=2:  0 [1 2] (single-binary)
output: type=single m=0.438633 R=0.394803 Eint=0 id=15573 ktype=0
output: type=binary m0=34.6785 m1=30.1274 R0=0.000735184 R1=0.000638701 Eint1=0 Eint2=0 id0=34276 id1=100050 a=4709.61 e=0.261094 ktype1=14 ktype2=14
********************************************************************************
type=BS t=0.00473731697
params: b=3.41856 v=0.165799
input: type=single m=0.738894 R=0.686026 Eint=0 id=12017 ktype=1
input: type=binary m0=34.0117 m1=22.9838 R0=0.000721047 R1=0.000487256 Eint1=0 Eint2=0 id0=21849 id1=100031 a=4687.54 e=0.365715 ktype1=14 ktype2=14
status: DE/E=5.01264e-08 DE=-1.65905e-11 DL/L=2.47274e-10 DL=6.87463e-13 DE_GW/E=1.22682e-18 DE_GW=-4.06043e-22 v_esc_cluster[km/s]=6.89084 tcpu=0.01
outcome: nstar=3 nobj=2:  0 [1 2] (single-binary)
output: type=single m=0.738894 R=0.686026 Eint=0 id=12017 ktype=1
output: type=binary m0=34.0117 m1=22.9838 R0=0.000721047 R1=0.000487256 Eint1=0 Eint2=0 id0=21849 id1=100031 a=4677.08 e=0.368963 ktype1=14 ktype2=14
********************************************************************************
type=BS t=0.00476289832
params: b=0.586954 v=0.0974879
input: type=single m=0.16993 R=0.192584 Eint=0 id=32384 ktype=0
input: type=binary m0=34.6785 m1=30.1274 R0=0.000735184 R1=0.000638701 Eint1=0 Eint2=0 id0=34276 id1=100050 a=4709.61 e=0.261094 ktype1=14 ktype2=14
status: DE/E=1.92466e-08 DE=-2.62072e-13 DL/L=7.90976e-10 DL=2.03676e-13 DE_GW/E=1.54628e-18 DE_GW=-2.10551e-23 v_esc_cluster[km/s]=6.7635 tcpu=0
outcome: nstar=3 nobj=2:  0 [1 2] (single-binary)
output: type=single m=0.16993 R=0.192584 Eint=0 id=32384 ktype=0
output: type=binary m0=34.6785 m1=30.1274 R0=0.000735184 R1=0.000638701 Eint1=0 Eint2=0 id0=34276 id1=100050 a=4708.31 e=0.270735 ktype1=14 ktype2=14
********************************************************************************
type=BS t=0.00484537082
params: b=1.91654 v=0.184869
input: type=single m=0.527354 R=0.470674 Eint=0 id=771 ktype=0
input: type=binary m0=34.0117 m1=22.9838 R0=0.000721047 R1=0.000487256 Eint1=0 Eint2=0 id0=21849 id1=100031 a=4677.08 e=0.368963 ktype1=14 ktype2=14
status: DE/E=6.01891e-09 DE=-1.01518e-12 DL/L=2.57677e-10 DL=4.04031e-13 DE_GW/E=7.86261e-19 DE_GW=-1.32614e-22 v_esc_cluster[km/s]=7.3386 tcpu=0.01
outcome: nstar=3 nobj=2:  0 [1 2] (single-binary)
output: type=single m=0.527354 R=0.470674 Eint=0 id=771 ktype=0
output: type=binary m0=34.0117 m1=22.9838 R0=0.000721047 R1=0.000487256 Eint1=0 Eint2=0 id0=21849 id1=100031 a=4653.55 e=0.380235 ktype1=14 ktype2=14
********************************************************************************
type=BS t=0.00484537082
params: b=1.00731 v=0.145988
input: type=single m=0.171735 R=0.19431 Eint=0 id=3818 ktype=0
input: type=binary m0=27.7207 m1=19.2369 R0=0.000587679 R1=0.000407822 Eint1=0 Eint2=0 id0=13077 id1=100017 a=2203.35 e=0.142568 ktype1=14 ktype2=14
status: DE/E=2.72506e-08 DE=-7.3215e-13 DL/L=6.23749e-09 DL=2.78904e-12 DE_GW/E=1.81849e-18 DE_GW=-4.88578e-23 v_esc_cluster[km/s]=7.31244 tcpu=0
outcome: nstar=3 nobj=2:  0 [1 2] (single-binary)
output: type=single m=0.171735 R=0.19431 Eint=0 id=3818 ktype=0
output: type=binary m0=27.7207 m1=19.2369 R0=0.000587679 R1=0.000407822 Eint1=0 Eint2=0 id0=13077 id1=100017 a=2203.59 e=0.149383 ktype1=14 ktype2=14
********************************************************************************
type=BS t=0.00484537082
params: b=2.15636 v=0.222522
input: type=single m=0.425288 R=0.384446 Eint=0 id=59130 ktype=0
input: type=binary m0=34.6785 m1=30.1274 R0=0.000735184 R1=0.000638701 Eint1=0 Eint2=0 id0=34276 id1=100050 a=4708.31 e=0.270735 ktype1=14 ktype2=14
status: DE/E=-4.81879e-10 DE=3.91305e-14 DL/L=7.62658e-10 DL=7.92648e-13 DE_GW/E=9.23892e-19 DE_GW=-7.50238e-23 v_esc_cluster[km/s]=6.96122 tcpu=0
outcome: nstar=3 nobj=2:  0 [1 2] (single-binary)
output: type=single m=0.425288 R=0.384446 Eint=0 id=59130 ktype=0
output: type=binary m0=34.6785 m1=30.1274 R0=0.000735184 R1=0.000638701 Eint1=0 Eint2=0 id0=34276 id1=100050 a=4708.95 e=0.271723 ktype1=14 ktype2=14
********************************************************************************
type=BS t=0.00484537082
params: b=2.16428 v=0.163441
input: type=single m=0.143135 R=0.165129 Eint=0 id=27526 ktype=0
input: type=binary m0=18.6338 m1=19.1399 R0=0.000395036 R1=0.000405765 Eint1=0 Eint2=0 id0=96946 id1=100129 a=2950.7 e=0.161117 ktype1=14 ktype2=14
status: DE/E=1.95361e-08 DE=-5.4202e-13 DL/L=4.71085e-09 DL=2.18314e-12 DE_GW/E=1.16378e-18 DE_GW=-3.22885e-23 v_esc_cluster[km/s]=6.60741 tcpu=0.01
outcome: nstar=3 nobj=2:  0 [1 2] (single-binary)
output: type=single m=0.143135 R=0.165129 Eint=0 id=27526 ktype=0
output: type=binary m0=18.6338 m1=19.1399 R0=0.000395036 R1=0.000405765 Eint1=0 Eint2=0 id0=96946 id1=100129 a=2954.47 e=0.158995 ktype1=14 ktype2=14
********************************************************************************
type=BS t=0.00494829985
params: b=2.4942 v=0.187217
input: type=single m=0.229818 R=0.243883 Eint=0 id=4223 ktype=0
input: type=binary m0=18.6338 m1=19.1399 R0=0.000395036 R1=0.000405765 Eint1=0 Eint2=0 id0=96946 id1=100129 a=2954.47 e=0.158995 ktype1=14 ktype2=14
status: DE/E=2.72353e-08 DE=-1.9225e-12 DL/L=6.20212e-09 DL=5.46756e-12 DE_GW/E=2.11457e-18 DE_GW=-1.49264e-22 v_esc_cluster[km/s]=7.3508 tcpu=0
outcome: nstar=3 nobj=2:  0 [1 2] (single-binary)
output: type=single m=0.229818 R=0.243883 Eint=0 id=4223 ktype=0
output: type=binary m0=18.6338 m1=19.1399 R0=0.000395036 R1=0.000405765 Eint1=0 Eint2=0 id0=96946 id1=100129 a=2953.49 e=0.159801 ktype1=14 ktype2=14
********************************************************************************
type=BS t=0.00494829985
params: b=3.64257 v=0.102206
input: type=single m=0.399239 R=0.364881 Eint=0 id=8689 ktype=0
input: type=binary m0=34.6785 m1=30.1274 R0=0.000735184 R1=0.000638701 Eint1=0 Eint2=0 id0=34276 id1=100050 a=4708.95 e=0.271723 ktype1=14 ktype2=14
status: DE/E=4.88713e-08 DE=-3.64395e-12 DL/L=1.52028e-09 DL=1.48419e-12 DE_GW/E=3.00734e-18 DE_GW=-2.24234e-22 v_esc_cluster[km/s]=7.34708 tcpu=0.01
outcome: nstar=3 nobj=2:  0 [1 2] (single-binary)
output: type=single m=0.399239 R=0.364881 Eint=0 id=8689 ktype=0
output: type=binary m0=34.6785 m1=30.1274 R0=0.000735184 R1=0.000638701 Eint1=0 Eint2=0 id0=34276 id1=100050 a=4706.84 e=0.268142 ktype1=14 ktype2=14
********************************************************************************
type=BS t=0.00494829985
params: b=0.831564 v=0.0616309
input: type=single m=0.463071 R=0.414441 Eint=0 id=31557 ktype=0
input: type=binary m0=30.245 m1=19.8691 R0=0.000641193 R1=0.000421226 Eint1=0 Eint2=0 id0=31699 id1=100043 a=1245.24 e=0.102408 ktype1=14 ktype2=14
status: DE/E=5.31494e-08 DE=-9.27447e-12 DL/L=2.1905e-08 DL=3.92349e-11 DE_GW/E=2.20515e-21 DE_GW=-3.84795e-25 v_esc_cluster[km/s]=7.34302 tcpu=0.01
outcome: nstar=3 nobj=2:  0 [1 2] (single-binary)
output: type=single m=0.463071 R=0.414441 Eint=0 id=31557 ktype=0
output: type=binary m0=30.245 m1=19.8691 R0=0.000641193 R1=0.000421226 Eint1=0 Eint2=0 id0=31699 id1=100043 a=1241.17 e=0.0999871 ktype1=14 ktype2=14
********************************************************************************
type=BS t=0.00494829985
params: b=7.48775 v=0.055656
input: type=single m=0.764501 R=0.711418 Eint=0 id=15376 ktype=1
input: type=binary m0=16.7688 m1=17.3967 R0=0.000355498 R1=0.00036881 Eint1=0 Eint2=0 id0=23071 id1=100033 a=582.391 e=0.269698 ktype1=14 ktype2=14
status: DE/E=8.5477e-08 DE=-8.16653e-11 DL/L=1.51e-09 DL=9.63115e-12 DE_GW/E=2.23989e-16 DE_GW=-2.14001e-19 v_esc_cluster[km/s]=7.19483 tcpu=0.01
outcome: nstar=3 nobj=2:  0 [1 2] (single-binary)
output: type=single m=0.764501 R=0.711418 Eint=0 id=15376 ktype=1
output: type=binary m0=16.7688 m1=17.3967 R0=0.000355498 R1=0.00036881 Eint1=0 Eint2=0 id0=23071 id1=100033 a=561.72 e=0.326004 ktype1=14 ktype2=14
********************************************************************************
type=BS t=0.00494829985
params: b=2.25683 v=0.11319
input: type=single m=0.0921318 R=0.145974 Eint=0 id=9157 ktype=0
input: type=binary m0=34.0117 m1=22.9838 R0=0.000721047 R1=0.000487256 Eint1=0 Eint2=0 id0=21849 id1=100031 a=4653.55 e=0.380235 ktype1=14 ktype2=14
status: DE/E=1.61561e-08 DE=-8.63124e-14 DL/L=6.41963e-10 DL=7.92002e-14 DE_GW/E=1.92725e-18 DE_GW=-1.02961e-23 v_esc_cluster[km/s]=7.19006 tcpu=0
outcome: nstar=3 nobj=2:  0 [1 2] (single-binary)
output: type=single m=0.0921318 R=0.145974 Eint=0 id=9157 ktype=0
output: type=binary m0=34.0117 m1=22.9838 R0=0.000721047 R1=0.000487256 Eint1=0 Eint2=0 id0=21849 id1=100031 a=4652.65 e=0.380326 ktype1=14 ktype2=14
********************************************************************************
type=BS t=0.00499856897
params: b=2.60203 v=0.413637
input: type=single m=2.20532 R=1.33634 Eint=0 id=67518 ktype=1
input: type=binary m0=34.6785 m1=30.1274 R0=0.000735184 R1=0.000638701 Eint1=0 Eint2=0 id0=34276 id1=100050 a=4706.84 e=0.268142 ktype1=14 ktype2=14
status: DE/E=-7.20665e-09 DE=1.30036e-11 DL/L=1.5926e-10 DL=2.19997e-12 DE_GW/E=1.02991e-18 DE_GW=-1.85836e-21 v_esc_cluster[km/s]=7.15618 tcpu=0.01
outcome: nstar=3 nobj=2:  0 [1 2] (single-binary)
output: type=single m=2.20532 R=1.33634 Eint=0 id=67518 ktype=1
output: type=binary m0=34.6785 m1=30.1274 R0=0.000735184 R1=0.000638701 Eint1=0 Eint2=0 id0=34276 id1=100050 a=4663.3 e=0.271986 ktype1=14 ktype2=14
********************************************************************************
type=BS t=0.00499856897
params: b=1.92547 v=0.257611
input: type=single m=0.353446 R=0.332084 Eint=0 id=28336 ktype=0
input: type=binary m0=34.0117 m1=22.9838 R0=0.000721047 R1=0.000487256 Eint1=0 Eint2=0 id0=21849 id1=100031 a=4652.65 e=0.380326 ktype1=14 ktype2=14
status: DE/E=2.4056e-08 DE=-1.77256e-12 DL/L=7.01118e-10 DL=6.46201e-13 DE_GW/E=3.16858e-18 DE_GW=-2.33475e-22 v_esc_cluster[km/s]=6.84953 tcpu=0
outcome: nstar=3 nobj=2:  0 [1 2] (single-binary)
output: type=single m=0.353446 R=0.332084 Eint=0 id=28336 ktype=0
output: type=binary m0=34.0117 m1=22.9838 R0=0.000721047 R1=0.000487256 Eint1=0 Eint2=0 id0=21849 id1=100031 a=4667.94 e=0.377487 ktype1=14 ktype2=14
********************************************************************************
type=BS t=0.0050725659
params: b=3.14808 v=0.161534
input: type=single m=0.343368 R=0.325044 Eint=0 id=42947 ktype=0
input: type=binary m0=16.7688 m1=17.3967 R0=0.000355498 R1=0.00036881 Eint1=0 Eint2=0 id0=23071 id1=100033 a=561.72 e=0.326004 ktype1=14 ktype2=14
status: DE/E=-2.43469e-08 DE=4.69673e-12 DL/L=1.05227e-09 DL=1.80362e-12 DE_GW/E=1.91427e-16 DE_GW=-3.69279e-20 v_esc_cluster[km/s]=7.20749 tcpu=0
outcome: nstar=3 nobj=2:  0 [1 2] (single-binary)
output: type=single m=0.343368 R=0.325044 Eint=0 id=42947 ktype=0
output: type=binary m0=16.7688 m1=17.3967 R0=0.000355498 R1=0.00036881 Eint1=0 Eint2=0 id0=23071 id1=100033 a=561.64 e=0.325162 ktype1=14 ktype2=14
********************************************************************************
type=BS t=0.0050725659
params: b=2.19746 v=0.43107
input: type=single m=0.77794 R=0.724486 Eint=0 id=18657 ktype=1
input: type=binary m0=18.6338 m1=19.1399 R0=0.000395036 R1=0.000405765 Eint1=0 Eint2=0 id0=96946 id1=100129 a=2953.49 e=0.159801 ktype1=14 ktype2=14
status: DE/E=-7.19166e-08 DE=4.76942e-11 DL/L=6.76489e-09 DL=3.86964e-11 DE_GW/E=4.44051e-18 DE_GW=-2.94489e-21 v_esc_cluster[km/s]=7.17168 tcpu=0
outcome: nstar=3 nobj=2:  0 [1 2] (single-binary)
output: type=single m=0.77794 R=0.724486 Eint=0 id=18657 ktype=1
output: type=binary m0=18.6338 m1=19.1399 R0=0.000395036 R1=0.000405765 Eint1=0 Eint2=0 id0=96946 id1=100129 a=2947.08 e=0.157243 ktype1=14 ktype2=14
********************************************************************************
type=BS t=0.0050725659
params: b=2.73977 v=0.0612258
input: type=single m=0.353749 R=0.332296 Eint=0 id=16238 ktype=0
input: type=binary m0=32.2692 m1=24.2754 R0=0.000684107 R1=0.000514638 Eint1=0 Eint2=0 id0=10974 id1=100013 a=625.148 e=0.29737 ktype1=14 ktype2=14
status: DE/E=2.94029e-08 DE=-2.31072e-12 DL/L=1.9687e-09 DL=1.8965e-12 DE_GW/E=1.40331e-16 DE_GW=-1.10284e-20 v_esc_cluster[km/s]=7.08931 tcpu=0.01
outcome: nstar=3 nobj=2:  0 [1 2] (single-binary)
output: type=single m=0.353749 R=0.332296 Eint=0 id=16238 ktype=0
output: type=binary m0=32.2692 m1=24.2754 R0=0.000684107 R1=0.000514638 Eint1=0 Eint2=0 id0=10974 id1=100013 a=610.984 e=0.322108 ktype1=14 ktype2=14
********************************************************************************
type=BS t=0.0050725659
params: b=2.76528 v=0.115654
input: type=single m=0.210119 R=0.228162 Eint=0 id=19966 ktype=0
input: type=binary m0=30.245 m1=19.8691 R0=0.000641193 R1=0.000421226 Eint1=0 Eint2=0 id0=31699 id1=100043 a=1241.17 e=0.0999871 ktype1=14 ktype2=14
status: DE/E=2.01665e-08 DE=-7.24797e-13 DL/L=1.25091e-08 DL=6.62891e-12 DE_GW/E=2.1746e-17 DE_GW=-7.81569e-22 v_esc_cluster[km/s]=7.03309 tcpu=0.01
outcome: nstar=3 nobj=2:  0 [1 2] (single-binary)
output: type=single m=0.210119 R=0.228162 Eint=0 id=19966 ktype=0
output: type=binary m0=30.245 m1=19.8691 R0=0.000641193 R1=0.000421226 Eint1=0 Eint2=0 id0=31699 id1=100043 a=1241.48 e=0.0992819 ktype1=14 ktype2=14
********************************************************************************
type=BS t=0.0050725659
params: b=1.50456 v=0.138349
input: type=single m=0.129472 R=0.149595 Eint=0 id=42837 ktype=0
input: type=binary m0=34.6785 m1=30.1274 R0=0.000735184 R1=0.000638701 Eint1=0 Eint2=0 id0=34276 id1=100050 a=4663.3 e=0.271986 ktype1=14 ktype2=14
status: DE/E=1.14958e-08 DE=-9.00984e-14 DL/L=1.16654e-09 DL=2.02997e-13 DE_GW/E=1.2673e-18 DE_GW=-9.93246e-24 v_esc_cluster[km/s]=6.99332 tcpu=0
outcome: nstar=3 nobj=2:  0 [1 2] (single-binary)
output: type=single m=0.129472 R=0.149595 Eint=0 id=42837 ktype=0
output: type=binary m0=34.6785 m1=30.1274 R0=0.000735184 R1=0.000638701 Eint1=0 Eint2=0 id0=34276 id1=100050 a=4670.9 e=0.270179 ktype1=14 ktype2=14
********************************************************************************
type=BS t=0.0050725659
params: b=1.975 v=0.147421
input: type=single m=0.218632 R=0.235067 Eint=0 id=7490 ktype=0
input: type=binary m0=34.0117 m1=22.9838 R0=0.000721047 R1=0.000487256 Eint1=0 Eint2=0 id0=21849 id1=100031 a=4667.94 e=0.377487 ktype1=14 ktype2=14
status: DE/E=1.85527e-08 DE=-5.50668e-13 DL/L=8.14459e-10 DL=3.76303e-13 DE_GW/E=3.28661e-18 DE_GW=-9.75505e-23 v_esc_cluster[km/s]=6.90593 tcpu=0.01
outcome: nstar=3 nobj=2:  0 [1 2] (single-binary)
output: type=single m=0.218632 R=0.235067 Eint=0 id=7490 ktype=0
output: type=binary m0=34.0117 m1=22.9838 R0=0.000721047 R1=0.000487256 Eint1=0 Eint2=0 id0=21849 id1=100031 a=4653.62 e=0.374972 ktype1=14 ktype2=14
********************************************************************************
type=BS t=0.00512664612
params: b=7.26915 v=0.0679611
input: type=single m=1.98199 R=1.24423 Eint=0 id=4600 ktype=1
input: type=binary m0=30.245 m1=19.8691 R0=0.000641193 R1=0.000421226 Eint1=0 Eint2=0 id0=31699 id1=100043 a=1241.48 e=0.0992819 ktype1=14 ktype2=14
status: DE/E=1.41256e-07 DE=-4.25251e-10 DL/L=4.4918e-08 DL=6.69073e-10 DE_GW/E=5.28882e-21 DE_GW=-1.5922e-23 v_esc_cluster[km/s]=7.29654 tcpu=0.02
outcome: nstar=3 nobj=2:  0 [1 2] (single-binary)
output: type=single m=1.98199 R=1.24423 Eint=0 id=4600 ktype=1
output: type=binary m0=30.245 m1=19.8691 R0=0.000641193 R1=0.000421226 Eint1=0 Eint2=0 id0=31699 id1=100043 a=1156.11 e=0.0905927 ktype1=14 ktype2=14
********************************************************************************
type=BS t=0.00512664612
params: b=1.76138 v=0.0911269
input: type=single m=0.10756 R=0.138631 Eint=0 id=52821 ktype=0
input: type=binary m0=34.6785 m1=30.1274 R0=0.000735184 R1=0.000638701 Eint1=0 Eint2=0 id0=34276 id1=100050 a=4670.9 e=0.270179 ktype1=14 ktype2=14
status: DE/E=1.41488e-08 DE=-7.74301e-14 DL/L=2.85587e-10 DL=3.76661e-14 DE_GW/E=1.82422e-18 DE_GW=-9.98313e-24 v_esc_cluster[km/s]=6.95197 tcpu=0
outcome: nstar=3 nobj=2:  0 [1 2] (single-binary)
output: type=single m=0.10756 R=0.138631 Eint=0 id=52821 ktype=0
output: type=binary m0=34.6785 m1=30.1274 R0=0.000735184 R1=0.000638701 Eint1=0 Eint2=0 id0=34276 id1=100050 a=4692.19 e=0.268936 ktype1=14 ktype2=14
********************************************************************************
type=BS t=0.00512664612
params: b=0.746059 v=0.0423744
input: type=single m=0.129084 R=0.149136 Eint=0 id=2160 ktype=0
input: type=binary m0=34.0117 m1=22.9838 R0=0.000721047 R1=0.000487256 Eint1=0 Eint2=0 id0=21849 id1=100031 a=4653.62 e=0.374972 ktype1=14 ktype2=14
status: DE/E=2.33518e-08 DE=-2.47309e-13 DL/L=1.02956e-09 DL=2.09084e-13 DE_GW/E=1.87366e-18 DE_GW=-1.98431e-23 v_esc_cluster[km/s]=6.8544 tcpu=0.01
outcome: nstar=3 nobj=2:  0 [1 2] (single-binary)
output: type=single m=0.129084 R=0.149136 Eint=0 id=2160 ktype=0
output: type=binary m0=34.0117 m1=22.9838 R0=0.000721047 R1=0.000487256 Eint1=0 Eint2=0 id0=21849 id1=100031 a=4641.94 e=0.36894 ktype1=14 ktype2=14
********************************************************************************
type=BS t=0.00512664612
params: b=2.60249 v=0.135078
input: type=single m=0.39374 R=0.360851 Eint=0 id=46892 ktype=0
input: type=binary m0=18.6338 m1=19.1399 R0=0.000395036 R1=0.000405765 Eint1=0 Eint2=0 id0=96946 id1=100129 a=2947.08 e=0.157243 ktype1=14 ktype2=14
status: DE/E=7.76489e-08 DE=-1.62286e-11 DL/L=1.22758e-08 DL=2.43733e-11 DE_GW/E=2.20901e-18 DE_GW=-4.61681e-22 v_esc_cluster[km/s]=6.31493 tcpu=0
outcome: nstar=3 nobj=2:  0 [1 2] (single-binary)
output: type=single m=0.39374 R=0.360851 Eint=0 id=46892 ktype=0
output: type=binary m0=18.6338 m1=19.1399 R0=0.000395036 R1=0.000405765 Eint1=0 Eint2=0 id0=96946 id1=100129 a=2943.77 e=0.156056 ktype1=14 ktype2=14
********************************************************************************
type=BS t=0.00519065427
params: b=2.58204 v=0.121739
input: type=single m=0.27619 R=0.278182 Eint=0 id=634 ktype=0
input: type=binary m0=34.6785 m1=30.1274 R0=0.000735184 R1=0.000638701 Eint1=0 Eint2=0 id0=34276 id1=100050 a=4692.19 e=0.268936 ktype1=14 ktype2=14
status: DE/E=3.28865e-08 DE=-1.17274e-12 DL/L=1.2508e-09 DL=6.88754e-13 DE_GW/E=6.50129e-19 DE_GW=-2.31839e-23 v_esc_cluster[km/s]=7.28108 tcpu=0
outcome: nstar=3 nobj=2:  0 [1 2] (single-binary)
output: type=single m=0.27619 R=0.278182 Eint=0 id=634 ktype=0
output: type=binary m0=34.6785 m1=30.1274 R0=0.000735184 R1=0.000638701 Eint1=0 Eint2=0 id0=34276 id1=100050 a=4690.48 e=0.266759 ktype1=14 ktype2=14
********************************************************************************
type=BB t=0.00519065427
params: b=2.43297 v=0.308405
input: type=binary m0=34.0117 m1=22.9838 R0=0.000721047 R1=0.000487256 Eint1=0 Eint2=0 id0=21849 id1=100031 a=4641.94 e=0.36894 ktype1=14 ktype2=14
input: type=binary m0=1.04419 m1=0.320655 R0=0.966955 R1=0.309279 Eint1=0 Eint2=0 id0=32824 id1=101753 a=8.54149 e=0.286871 ktype1=1 ktype2=0
status: DE/E=4.47673e-08 DE=-3.72739e-11 DL/L=1.08061e-10 DL=4.97526e-13 DE_GW/E=5.0805e-13 DE_GW=-4.2301e-16 v_esc_cluster[km/s]=6.82374 tcpu=0
outcome: nstar=4 nobj=2:  [0 1] [2 3] (binary-binary)
output: type=binary m0=34.0117 m1=22.9838 R0=0.000721047 R1=0.000487256 Eint1=0 Eint2=0 id0=21849 id1=100031 a=4643.84 e=0.369351 ktype1=14 ktype2=14
output: type=binary m0=1.04419 m1=0.320655 R0=0.966955 R1=0.309279 Eint1=0 Eint2=0 id0=32824 id1=101753 a=8.54149 e=0.286871 ktype1=1 ktype2=0
********************************************************************************
type=BS t=0.00519065427
params: b=3.0793 v=0.610416
input: type=single m=0.377969 R=0.349445 Eint=0 id=33798 ktype=0
input: type=binary m0=0.873692 m1=0.813304 R0=0.813318 R1=0.758021 Eint1=0 Eint2=0 id0=45165 id1=102368 a=58.6626 e=0.248374 ktype1=1 ktype2=1
status: DE/E=-3.27613e-07 DE=1.37903e-08 DL/L=1.99691e-09 DL=2.27501e-10 DE_GW/E=-0 DE_GW=0 v_esc_cluster[km/s]=6.31575 tcpu=0.01
outcome: nstar=3 nobj=2:  0 [1 2] (single-binary)
output: type=single m=0.377969 R=0.349445 Eint=0 id=33798 ktype=0
output: type=binary m0=0.873692 m1=0.813304 R0=0.813318 R1=0.758021 Eint1=0 Eint2=0 id0=45165 id1=102368 a=58.044 e=0.220869 ktype1=1 ktype2=1
********************************************************************************
type=BS t=0.00528628149
params: b=1.75388 v=0.141646
input: type=single m=0.0952085 R=0.144384 Eint=0 id=38610 ktype=0
input: type=binary m0=34.0117 m1=22.9838 R0=0.000721047 R1=0.000487256 Eint1=0 Eint2=0 id0=21849 id1=100031 a=4643.84 e=0.369351 ktype1=14 ktype2=14
status: DE/E=1.46001e-08 DE=-8.26754e-14 DL/L=4.94252e-10 DL=6.51588e-14 DE_GW/E=1.32205e-18 DE_GW=-7.4863e-24 v_esc_cluster[km/s]=7.20838 tcpu=0.01
outcome: nstar=3 nobj=2:  0 [1 2] (single-binary)
output: type=single m=0.0952085 R=0.144384 Eint=0 id=38610 ktype=0
output: type=binary m0=34.0117 m1=22.9838 R0=0.000721047 R1=0.000487256 Eint1=0 Eint2=0 id0=21849 id1=100031 a=4653.28 e=0.368611 ktype1=14 ktype2=14
********************************************************************************
type=BS t=0.00528628149
params: b=5.90574 v=0.0273211
input: type=single m=0.10113 R=0.141509 Eint=0 id=7202 ktype=0
input: type=binary m0=30.245 m1=19.8691 R0=0.000641193 R1=0.000421226 Eint1=0 Eint2=0 id0=31699 id1=100043 a=1156.11 e=0.0905927 ktype1=14 ktype2=14
status: DE/E=3.78404e-08 DE=-3.20465e-13 DL/L=1.66169e-08 DL=3.06812e-12 DE_GW/E=1.84164e-17 DE_GW=-1.55965e-22 v_esc_cluster[km/s]=7.13742 tcpu=0
outcome: nstar=3 nobj=2:  0 [1 2] (single-binary)
output: type=single m=0.10113 R=0.141509 Eint=0 id=7202 ktype=0
output: type=binary m0=30.245 m1=19.8691 R0=0.000641193 R1=0.000421226 Eint1=0 Eint2=0 id0=31699 id1=100043 a=1154.5 e=0.0929308 ktype1=14 ktype2=14
********************************************************************************
type=BS t=0.00528628149
params: b=2.0825 v=0.237969
input: type=single m=0.361296 R=0.337602 Eint=0 id=5515 ktype=0
input: type=binary m0=34.6785 m1=30.1274 R0=0.000735184 R1=0.000638701 Eint1=0 Eint2=0 id0=34276 id1=100050 a=4690.48 e=0.266759 ktype1=14 ktype2=14
status: DE/E=3.52973e-08 DE=-2.05717e-12 DL/L=1.15861e-09 DL=9.31287e-13 DE_GW/E=7.04177e-19 DE_GW=-4.10403e-23 v_esc_cluster[km/s]=7.00787 tcpu=0
outcome: nstar=3 nobj=2:  0 [1 2] (single-binary)
output: type=single m=0.361296 R=0.337602 Eint=0 id=5515 ktype=0
output: type=binary m0=34.6785 m1=30.1274 R0=0.000735184 R1=0.000638701 Eint1=0 Eint2=0 id0=34276 id1=100050 a=4686.28 e=0.265621 ktype1=14 ktype2=14
********************************************************************************
type=BS t=0.00528628149
params: b=1.69114 v=0.0576715
input: type=single m=0.103721 R=0.140321 Eint=0 id=4779 ktype=0
input: type=binary m0=27.7207 m1=19.2369 R0=0.000587679 R1=0.000407822 Eint1=0 Eint2=0 id0=13077 id1=100017 a=2203.59 e=0.149383 ktype1=14 ktype2=14
status: DE/E=2.13795e-08 DE=-2.13994e-13 DL/L=5.08495e-09 DL=1.05719e-12 DE_GW/E=1.65869e-18 DE_GW=-1.66023e-23 v_esc_cluster[km/s]=6.98852 tcpu=0.01
outcome: nstar=3 nobj=2:  0 [1 2] (single-binary)
output: type=single m=0.103721 R=0.140321 Eint=0 id=4779 ktype=0
output: type=binary m0=27.7207 m1=19.2369 R0=0.000587679 R1=0.000407822 Eint1=0 Eint2=0 id0=13077 id1=100017 a=2177.8 e=0.160385 ktype1=14 ktype2=14
********************************************************************************
type=BB t=0.00528628149
params: b=10.2002 v=0.0229609
input: type=binary m0=3.54345 m1=2.98457 R0=2.17343 R1=1.763 Eint1=0 Eint2=0 id0=61324 id1=103192 a=12.198 e=0.40012 ktype1=1 ktype2=1
input: type=binary m0=0.155367 m1=0.086768 R0=0.178114 R1=0.148922 Eint1=0 Eint2=0 id0=48290 id1=102535 a=23.0333 e=0.0363036 ktype1=0 ktype2=0
status: DE/E=1.19049e-07 DE=-1.06098e-10 DL/L=1.03832e-08 DL=1.88958e-11 DE_GW/E=-0 DE_GW=0 v_esc_cluster[km/s]=6.47076 tcpu=0.05
outcome: nstar=4 nobj=3:  [0 1] 3 2 (binary-single-single)
output: type=binary m0=3.54345 m1=2.98457 R0=2.17343 R1=1.763 Eint1=0 Eint2=0 id0=61324 id1=103192 a=11.4678 e=0.372968 ktype1=1 ktype2=1
output: type=single m=0.086768 R=0.148922 Eint=0 id=102535 ktype=0
output: type=single m=0.155367 R=0.178114 Eint=0 id=48290 ktype=0
********************************************************************************
type=BS t=0.00536452932
params: b=1.61745 v=0.718766
input: type=single m=1.72763 R=1.15922 Eint=0 id=25904 ktype=1
input: type=binary m0=18.6338 m1=19.1399 R0=0.000395036 R1=0.000405765 Eint1=0 Eint2=0 id0=96946 id1=100129 a=2943.77 e=0.156056 ktype1=14 ktype2=14
status: DE/E=3.0102e-07 DE=-5.5676e-10 DL/L=4.22886e-09 DL=6.98835e-11 DE_GW/E=3.15045e-18 DE_GW=-5.82701e-21 v_esc_cluster[km/s]=7.09744 tcpu=0
outcome: nstar=3 nobj=2:  0 [1 2] (single-binary)
output: type=single m=1.72763 R=1.15922 Eint=0 id=25904 ktype=1
output: type=binary m0=18.6338 m1=19.1399 R0=0.000395036 R1=0.000405765 Eint1=0 Eint2=0 id0=96946 id1=100129 a=2947.03 e=0.172712 ktype1=14 ktype2=14
********************************************************************************
type=BS t=0.00536452932
params: b=4.04418 v=0.0596369
input: type=single m=0.15812 R=0.180928 Eint=0 id=5110 ktype=0
input: type=binary m0=34.0117 m1=22.9838 R0=0.000721047 R1=0.000487256 Eint1=0 Eint2=0 id0=21849 id1=100031 a=4653.28 e=0.368611 ktype1=14 ktype2=14
status: DE/E=4.3263e-08 DE=-6.85578e-13 DL/L=8.87007e-10 DL=2.39439e-13 DE_GW/E=1.93274e-18 DE_GW=-3.06276e-23 v_esc_cluster[km/s]=6.98526 tcpu=0
outcome: nstar=3 nobj=2:  0 [1 2] (single-binary)
output: type=single m=0.15812 R=0.180928 Eint=0 id=5110 ktype=0
output: type=binary m0=34.0117 m1=22.9838 R0=0.000721047 R1=0.000487256 Eint1=0 Eint2=0 id0=21849 id1=100031 a=4653.52 e=0.368242 ktype1=14 ktype2=14
********************************************************************************
type=BS t=0.00536452932
params: b=3.36272 v=0.363471
input: type=single m=3.92006 R=2.56559 Eint=0 id=16384 ktype=1
input: type=binary m0=27.7207 m1=19.2369 R0=0.000587679 R1=0.000407822 Eint1=0 Eint2=0 id0=13077 id1=100017 a=2177.8 e=0.160385 ktype1=14 ktype2=14
status: DE/E=-1.59277e-08 DE=1.69665e-10 DL/L=2.27776e-08 DL=4.31621e-10 DE_GW/E=2.03338e-17 DE_GW=-2.16599e-19 v_esc_cluster[km/s]=6.88209 tcpu=0.01
outcome: nstar=3 nobj=2:  0 [1 2] (single-binary)
output: type=single m=3.92006 R=2.56559 Eint=0 id=16384 ktype=1
output: type=binary m0=27.7207 m1=19.2369 R0=0.000587679 R1=0.000407822 Eint1=0 Eint2=0 id0=13077 id1=100017 a=2180.59 e=0.169756 ktype1=14 ktype2=14
********************************************************************************
type=BS t=0.00536452932
params: b=4.91699 v=0.0610396
input: type=single m=0.400112 R=0.36553 Eint=0 id=5383 ktype=0
input: type=binary m0=34.6785 m1=30.1274 R0=0.000735184 R1=0.000638701 Eint1=0 Eint2=0 id0=34276 id1=100050 a=4686.28 e=0.265621 ktype1=14 ktype2=14
status: DE/E=2.88482e-08 DE=-2.17502e-12 DL/L=1.9509e-09 DL=1.86065e-12 DE_GW/E=2.77297e-18 DE_GW=-2.09069e-22 v_esc_cluster[km/s]=6.7409 tcpu=0.01
outcome: nstar=3 nobj=2:  0 [1 2] (single-binary)
output: type=single m=0.400112 R=0.36553 Eint=0 id=5383 ktype=0
output: type=binary m0=34.6785 m1=30.1274 R0=0.000735184 R1=0.000638701 Eint1=0 Eint2=0 id0=34276 id1=100050 a=4670.69 e=0.269746 ktype1=14 ktype2=14
********************************************************************************
type=BS t=0.0054507935
params: b=2.80027 v=0.401505
input: type=single m=4.51512 R=3.80353 Eint=0 id=5049 ktype=1
input: type=binary m0=34.0117 m1=22.9838 R0=0.000721047 R1=0.000487256 Eint1=0 Eint2=0 id0=21849 id1=100031 a=4653.52 e=0.368242 ktype1=14 ktype2=14
status: DE/E=3.19686e-07 DE=-3.00207e-09 DL/L=3.08047e-09 DL=1.16552e-10 DE_GW/E=2.0107e-18 DE_GW=-1.88818e-20 v_esc_cluster[km/s]=7.31742 tcpu=0.01
outcome: nstar=3 nobj=2:  0 [1 2] (single-binary)
output: type=single m=4.51512 R=3.80353 Eint=0 id=5049 ktype=1
output: type=binary m0=34.0117 m1=22.9838 R0=0.000721047 R1=0.000487256 Eint1=0 Eint2=0 id0=21849 id1=100031 a=4807.44 e=0.287318 ktype1=14 ktype2=14
********************************************************************************
type=BS t=0.0054507935
params: b=1.56465 v=0.0787061
input: type=single m=0.0831362 R=0.151059 Eint=0 id=27904 ktype=0
input: type=binary m0=27.7207 m1=19.2369 R0=0.000587679 R1=0.000407822 Eint1=0 Eint2=0 id0=13077 id1=100017 a=2180.59 e=0.169756 ktype1=14 ktype2=14
status: DE/E=1.73993e-08 DE=-1.11663e-13 DL/L=4.86612e-09 DL=7.29447e-13 DE_GW/E=2.04987e-18 DE_GW=-1.31553e-23 v_esc_cluster[km/s]=7.24527 tcpu=0
outcome: nstar=3 nobj=2:  0 [1 2] (single-binary)
output: type=single m=0.0831362 R=0.151059 Eint=0 id=27904 ktype=0
output: type=binary m0=27.7207 m1=19.2369 R0=0.000587679 R1=0.000407822 Eint1=0 Eint2=0 id0=13077 id1=100017 a=2176.76 e=0.170075 ktype1=14 ktype2=14
********************************************************************************
type=BS t=0.0054507935
params: b=1.54865 v=0.120214
input: type=single m=0.120934 R=0.139276 Eint=0 id=13701 ktype=0
input: type=binary m0=34.6785 m1=30.1274 R0=0.000735184 R1=0.000638701 Eint1=0 Eint2=0 id0=34276 id1=100050 a=4670.69 e=0.269746 ktype1=14 ktype2=14
status: DE/E=1.7236e-08 DE=-1.18452e-13 DL/L=2.81044e-10 DL=4.35542e-14 DE_GW/E=2.84656e-18 DE_GW=-1.95626e-23 v_esc_cluster[km/s]=7.12373 tcpu=0
outcome: nstar=3 nobj=2:  0 [1 2] (single-binary)
output: type=single m=0.120934 R=0.139276 Eint=0 id=13701 ktype=0
output: type=binary m0=34.6785 m1=30.1274 R0=0.000735184 R1=0.000638701 Eint1=0 Eint2=0 id0=34276 id1=100050 a=4673.2 e=0.270218 ktype1=14 ktype2=14
********************************************************************************
type=BS t=0.0054507935
params: b=6.1621 v=0.017071
input: type=single m=0.206392 R=0.225081 Eint=0 id=182 ktype=0
input: type=binary m0=30.245 m1=19.8691 R0=0.000641193 R1=0.000421226 Eint1=0 Eint2=0 id0=31699 id1=100043 a=1154.5 e=0.0929308 ktype1=14 ktype2=14
status: DE/E=3.00819e-08 DE=-1.05713e-12 DL/L=1.09926e-08 DL=5.9063e-12 DE_GW/E=3.09217e-17 DE_GW=-1.08665e-21 v_esc_cluster[km/s]=7.08996 tcpu=0.01
outcome: nstar=3 nobj=2:  0 [1 2] (single-binary)
output: type=single m=0.206392 R=0.225081 Eint=0 id=182 ktype=0
output: type=binary m0=30.245 m1=19.8691 R0=0.000641193 R1=0.000421226 Eint1=0 Eint2=0 id0=31699 id1=100043 a=1145.26 e=0.177713 ktype1=14 ktype2=14
********************************************************************************
type=BS t=0.0054507935
params: b=1.4585 v=0.309414
input: type=single m=0.718668 R=0.665575 Eint=0 id=71287 ktype=1
input: type=binary m0=18.6338 m1=19.1399 R0=0.000395036 R1=0.000405765 Eint1=0 Eint2=0 id0=96946 id1=100129 a=2947.03 e=0.172712 ktype1=14 ktype2=14
status: DE/E=6.94494e-08 DE=-4.37905e-11 DL/L=4.59102e-09 DL=2.52603e-11 DE_GW/E=1.74927e-18 DE_GW=-1.10298e-21 v_esc_cluster[km/s]=6.03062 tcpu=0
outcome: nstar=3 nobj=2:  0 [1 2] (single-binary)
output: type=single m=0.718668 R=0.665575 Eint=0 id=71287 ktype=1
output: type=binary m0=18.6338 m1=19.1399 R0=0.000395036 R1=0.000405765 Eint1=0 Eint2=0 id0=96946 id1=100129 a=3039.49 e=0.197823 ktype1=14 ktype2=14
********************************************************************************
type=BS t=0.00549873868
params: b=2.39459 v=0.0667659
input: type=single m=0.0972682 R=0.143358 Eint=0 id=9149 ktype=0
input: type=binary m0=34.6785 m1=30.1274 R0=0.000735184 R1=0.000638701 Eint1=0 Eint2=0 id0=34276 id1=100050 a=4673.2 e=0.270218 ktype1=14 ktype2=14
status: DE/E=2.30681e-08 DE=-1.03671e-13 DL/L=7.63917e-10 DL=8.55995e-14 DE_GW/E=7.45933e-19 DE_GW=-3.35233e-24 v_esc_cluster[km/s]=7.04602 tcpu=0
outcome: nstar=3 nobj=2:  0 [1 2] (single-binary)
output: type=single m=0.0972682 R=0.143358 Eint=0 id=9149 ktype=0
output: type=binary m0=34.6785 m1=30.1274 R0=0.000735184 R1=0.000638701 Eint1=0 Eint2=0 id0=34276 id1=100050 a=4669.5 e=0.271235 ktype1=14 ktype2=14
********************************************************************************
type=BS t=0.00549873868
params: b=1.91889 v=0.0699516
input: type=single m=0.093944 R=0.145029 Eint=0 id=28648 ktype=0
input: type=binary m0=34.0117 m1=22.9838 R0=0.000721047 R1=0.000487256 Eint1=0 Eint2=0 id0=21849 id1=100031 a=4807.44 e=0.287318 ktype1=14 ktype2=14
status: DE/E=3.00586e-08 DE=-1.68294e-13 DL/L=1.06129e-09 DL=1.39476e-13 DE_GW/E=4.01356e-20 DE_GW=-2.24713e-25 v_esc_cluster[km/s]=6.81617 tcpu=0.01
outcome: nstar=3 nobj=2:  0 [1 2] (single-binary)
output: type=single m=0.093944 R=0.145029 Eint=0 id=28648 ktype=0
output: type=binary m0=34.0117 m1=22.9838 R0=0.000721047 R1=0.000487256 Eint1=0 Eint2=0 id0=21849 id1=100031 a=4820.54 e=0.286791 ktype1=14 ktype2=14
********************************************************************************
type=BS t=0.00557791839
params: b=5.84875 v=0.0780808
input: type=single m=0.63216 R=0.575251 Eint=0 id=20835 ktype=0
input: type=binary m0=30.245 m1=19.8691 R0=0.000641193 R1=0.000421226 Eint1=0 Eint2=0 id0=31699 id1=100043 a=1145.26 e=0.177713 ktype1=14 ktype2=14
status: DE/E=-3.84876e-08 DE=1.24042e-11 DL/L=1.65472e-08 DL=4.16526e-11 DE_GW/E=3.97379e-17 DE_GW=-1.28072e-20 v_esc_cluster[km/s]=7.20579 tcpu=0.01
outcome: nstar=3 nobj=2:  0 [1 2] (single-binary)
output: type=single m=0.63216 R=0.575251 Eint=0 id=20835 ktype=0
output: type=binary m0=30.245 m1=19.8691 R0=0.000641193 R1=0.000421226 Eint1=0 Eint2=0 id0=31699 id1=100043 a=1145.23 e=0.176967 ktype1=14 ktype2=14
********************************************************************************
type=BB t=0.00557791839
params: b=2.15786 v=0.403118
input: type=binary m0=34.0117 m1=22.9838 R0=0.000721047 R1=0.000487256 Eint1=0 Eint2=0 id0=21849 id1=100031 a=4820.54 e=0.286791 ktype1=14 ktype2=14
input: type=binary m0=0.677988 m1=0.429743 R0=0.623372 R1=0.387886 Eint1=0 Eint2=0 id0=26226 id1=101411 a=31.5496 e=0.103056 ktype1=1 ktype2=0
status: DE/E=-8.07248e-08 DE=4.79925e-11 DL/L=3.96926e-10 DL=1.61973e-12 DE_GW/E=3.10136e-16 DE_GW=-1.84382e-19 v_esc_cluster[km/s]=7.06541 tcpu=0.01
outcome: nstar=4 nobj=2:  [0 1] [2 3] (binary-binary)
output: type=binary m0=34.0117 m1=22.9838 R0=0.000721047 R1=0.000487256 Eint1=0 Eint2=0 id0=21849 id1=100031 a=4827.7 e=0.28063 ktype1=14 ktype2=14
output: type=binary m0=0.677988 m1=0.429743 R0=0.623372 R1=0.387886 Eint1=0 Eint2=0 id0=26226 id1=101411 a=31.5496 e=0.103056 ktype1=1 ktype2=0
********************************************************************************
type=BS t=0.00557791839
params: b=2.07333 v=0.133705
input: type=single m=0.185771 R=0.207281 Eint=0 id=61895 ktype=0
input: type=binary m0=27.7207 m1=19.2369 R0=0.000587679 R1=0.000407822 Eint1=0 Eint2=0 id0=13077 id1=100017 a=2176.76 e=0.170075 ktype1=14 ktype2=14
status: DE/E=2.29565e-08 DE=-7.23817e-13 DL/L=5.39559e-09 DL=2.6149e-12 DE_GW/E=7.13115e-18 DE_GW=-2.24845e-22 v_esc_cluster[km/s]=7.00859 tcpu=0
outcome: nstar=3 nobj=2:  0 [1 2] (single-binary)
output: type=single m=0.185771 R=0.207281 Eint=0 id=61895 ktype=0
output: type=binary m0=27.7207 m1=19.2369 R0=0.000587679 R1=0.000407822 Eint1=0 Eint2=0 id0=13077 id1=100017 a=2178.03 e=0.170356 ktype1=14 ktype2=14
********************************************************************************
type=BS t=0.00557791839
params: b=1.91101 v=0.0861065
input: type=single m=0.108356 R=0.138291 Eint=0 id=27759 ktype=0
input: type=binary m0=34.6785 m1=30.1274 R0=0.000735184 R1=0.000638701 Eint1=0 Eint2=0 id0=34276 id1=100050 a=4669.5 e=0.271235 ktype1=14 ktype2=14
status: DE/E=2.37853e-08 DE=-1.32214e-13 DL/L=1.63974e-09 DL=2.13569e-13 DE_GW/E=1.00237e-18 DE_GW=-5.57182e-24 v_esc_cluster[km/s]=6.8838 tcpu=0
outcome: nstar=3 nobj=2:  0 [1 2] (single-binary)
output: type=single m=0.108356 R=0.138291 Eint=0 id=27759 ktype=0
output: type=binary m0=34.6785 m1=30.1274 R0=0.000735184 R1=0.000638701 Eint1=0 Eint2=0 id0=34276 id1=100050 a=4669.97 e=0.27091 ktype1=14 ktype2=14
********************************************************************************
type=BS t=0.00562211078
params: b=3.25067 v=0.10011
input: type=single m=0.226372 R=0.241197 Eint=0 id=11885 ktype=0
input: type=binary m0=34.0117 m1=22.9838 R0=0.000721047 R1=0.000487256 Eint1=0 Eint2=0 id0=21849 id1=100031 a=4827.7 e=0.28063 ktype1=14 ktype2=14
status: DE/E=3.08224e-08 DE=-9.92238e-13 DL/L=8.62144e-10 DL=4.3642e-13 DE_GW/E=1.75636e-18 DE_GW=-5.65411e-23 v_esc_cluster[km/s]=6.89514 tcpu=0
outcome: nstar=3 nobj=2:  0 [1 2] (single-binary)
output: type=single m=0.226372 R=0.241197 Eint=0 id=11885 ktype=0
output: type=binary m0=34.0117 m1=22.9838 R0=0.000721047 R1=0.000487256 Eint1=0 Eint2=0 id0=21849 id1=100031 a=4819.83 e=0.281671 ktype1=14 ktype2=14
********************************************************************************
type=BS t=0.00562211078
params: b=1.96789 v=0.151423
input: type=single m=0.279932 R=0.280841 Eint=0 id=18787 ktype=0
input: type=binary m0=34.6785 m1=30.1274 R0=0.000735184 R1=0.000638701 Eint1=0 Eint2=0 id0=34276 id1=100050 a=4669.97 e=0.27091 ktype1=14 ktype2=14
status: DE/E=-8.17833e-09 DE=2.97099e-13 DL/L=1.12898e-09 DL=5.94702e-13 DE_GW/E=2.23851e-18 DE_GW=-8.13196e-23 v_esc_cluster[km/s]=6.78919 tcpu=0.01
outcome: nstar=3 nobj=2:  0 [1 2] (single-binary)
output: type=single m=0.279932 R=0.280841 Eint=0 id=18787 ktype=0
output: type=binary m0=34.6785 m1=30.1274 R0=0.000735184 R1=0.000638701 Eint1=0 Eint2=0 id0=34276 id1=100050 a=4673.11 e=0.270031 ktype1=14 ktype2=14
********************************************************************************
type=BS t=0.00562211078
params: b=2.67609 v=4.90911
input: type=single m=0.702185 R=0.648613 Eint=0 id=44044 ktype=1
input: type=binary m0=0.10737 m1=0.0507794 R0=0.138713 R1=0.178039 Eint1=0 Eint2=0 id0=21922 id1=101206 a=47.4803 e=0.8619 ktype1=0 ktype2=0
status: DE/E=-4.80441e-09 DE=-1.69567e-07 DL/L=1.8452e-09 DL=7.35772e-08 DE_GW/E=0 DE_GW=0 v_esc_cluster[km/s]=6.04253 tcpu=0.01
outcome: nstar=3 nobj=3:  0 1 2 (single-single-single)
output: type=single m=0.702185 R=0.648613 Eint=0 id=44044 ktype=1
output: type=single m=0.10737 R=0.138713 Eint=0 id=21922 ktype=0
output: type=single m=0.0507794 R=0.178039 Eint=0 id=101206 ktype=0
********************************************************************************
type=BS t=0.00569422345
params: b=2.67616 v=0.0930005
input: type=single m=0.101816 R=0.141191 Eint=0 id=12174 ktype=0
input: type=binary m0=34.0117 m1=22.9838 R0=0.000721047 R1=0.000487256 Eint1=0 Eint2=0 id0=21849 id1=100031 a=4819.83 e=0.281671 ktype1=14 ktype2=14
status: DE/E=8.94297e-09 DE=-5.85754e-14 DL/L=1.16327e-09 DL=1.68602e-13 DE_GW/E=1.02627e-18 DE_GW=-6.72195e-24 v_esc_cluster[km/s]=7.2888 tcpu=0.01
outcome: nstar=3 nobj=2:  0 [1 2] (single-binary)
output: type=single m=0.101816 R=0.141191 Eint=0 id=12174 ktype=0
output: type=binary m0=34.0117 m1=22.9838 R0=0.000721047 R1=0.000487256 Eint1=0 Eint2=0 id0=21849 id1=100031 a=4819.82 e=0.281586 ktype1=14 ktype2=14
********************************************************************************
type=BS t=0.00569422345
params: b=2.84095 v=0.137828
input: type=single m=0.194623 R=0.215088 Eint=0 id=14144 ktype=0
input: type=binary m0=18.6338 m1=19.1399 R0=0.000395036 R1=0.000405765 Eint1=0 Eint2=0 id0=96946 id1=100129 a=3039.49 e=0.197823 ktype1=14 ktype2=14
status: DE/E=2.2923e-08 DE=-1.18194e-12 DL/L=3.40865e-09 DL=2.44491e-12 DE_GW/E=9.1343e-19 DE_GW=-4.70979e-23 v_esc_cluster[km/s]=7.15233 tcpu=0
outcome: nstar=3 nobj=2:  0 [1 2] (single-binary)
output: type=single m=0.194623 R=0.215088 Eint=0 id=14144 ktype=0
output: type=binary m0=18.6338 m1=19.1399 R0=0.000395036 R1=0.000405765 Eint1=0 Eint2=0 id0=96946 id1=100129 a=3038.42 e=0.196628 ktype1=14 ktype2=14
********************************************************************************
type=BS t=0.00569422345
params: b=2.02969 v=0.0769244
input: type=single m=0.114369 R=0.135824 Eint=0 id=14471 ktype=0
input: type=binary m0=34.6785 m1=30.1274 R0=0.000735184 R1=0.000638701 Eint1=0 Eint2=0 id0=34276 id1=100050 a=4673.11 e=0.270031 ktype1=14 ktype2=14
status: DE/E=1.90089e-08 DE=-1.17872e-13 DL/L=1.28845e-10 DL=1.83275e-14 DE_GW/E=7.57243e-19 DE_GW=-4.69558e-24 v_esc_cluster[km/s]=7.06685 tcpu=0
outcome: nstar=3 nobj=2:  0 [1 2] (single-binary)
output: type=single m=0.114369 R=0.135824 Eint=0 id=14471 ktype=0
output: type=binary m0=34.6785 m1=30.1274 R0=0.000735184 R1=0.000638701 Eint1=0 Eint2=0 id0=34276 id1=100050 a=4674.1 e=0.268777 ktype1=14 ktype2=14
********************************************************************************
type=BS t=0.00569422345
params: b=3.70303 v=0.132202
input: type=single m=1.38307 R=1.10748 Eint=0 id=4664 ktype=1
input: type=binary m0=30.245 m1=19.8691 R0=0.000641193 R1=0.000421226 Eint1=0 Eint2=0 id0=31699 id1=100043 a=1145.23 e=0.176967 ktype1=14 ktype2=14
status: DE/E=1.11517e-07 DE=-1.65144e-10 DL/L=1.09131e-08 DL=9.65215e-11 DE_GW/E=4.34939e-17 DE_GW=-6.44097e-20 v_esc_cluster[km/s]=6.94558 tcpu=0
outcome: nstar=3 nobj=2:  0 [1 2] (single-binary)
output: type=single m=1.38307 R=1.10748 Eint=0 id=4664 ktype=1
output: type=binary m0=30.245 m1=19.8691 R0=0.000641193 R1=0.000421226 Eint1=0 Eint2=0 id0=31699 id1=100043 a=1148.85 e=0.181496 ktype1=14 ktype2=14
********************************************************************************
type=BS t=0.00569422345
params: b=1.87176 v=1.92401
input: type=single m=0.0884424 R=0.147976 Eint=0 id=93045 ktype=0
input: type=binary m0=0.456105 m1=0.138675 R0=0.408764 R1=0.160184 Eint1=0 Eint2=0 id0=23717 id1=101295 a=30.1537 e=0.516271 ktype1=0 ktype2=0
status: DE/E=-1.56677e-07 DE=-1.98372e-08 DL/L=1.8097e-10 DL=6.17563e-11 DE_GW/E=0 DE_GW=0 v_esc_cluster[km/s]=6.93941 tcpu=0.01
outcome: nstar=3 nobj=2:  0 [1 2] (single-binary)
output: type=single m=0.0884424 R=0.147976 Eint=0 id=93045 ktype=0
output: type=binary m0=0.456105 m1=0.138675 R0=0.408764 R1=0.160184 Eint1=0 Eint2=0 id0=23717 id1=101295 a=29.9344 e=0.517291 ktype1=0 ktype2=0
********************************************************************************
type=BS t=0.00569422345
params: b=4.15508 v=0.0502538
input: type=single m=0.150353 R=0.172891 Eint=0 id=20449 ktype=0
input: type=binary m0=27.7207 m1=19.2369 R0=0.000587679 R1=0.000407822 Eint1=0 Eint2=0 id0=13077 id1=100017 a=2178.03 e=0.170356 ktype1=14 ktype2=14
status: DE/E=4.59342e-08 DE=-9.64981e-13 DL/L=1.06697e-08 DL=3.77914e-12 DE_GW/E=2.3572e-19 DE_GW=-4.95199e-24 v_esc_cluster[km/s]=6.83432 tcpu=0.01
outcome: nstar=3 nobj=2:  0 [1 2] (single-binary)
output: type=single m=0.150353 R=0.172891 Eint=0 id=20449 ktype=0
output: type=binary m0=27.7207 m1=19.2369 R0=0.000587679 R1=0.000407822 Eint1=0 Eint2=0 id0=13077 id1=100017 a=2177.69 e=0.170006 ktype1=14 ktype2=14
